127,144,131,142,139,141,131,124,94,99,147,126,76,101,100,86,85,85,100,83,91,82,82,80,77,83,84,81,110,80,71,80,85,79,94,123,145,181,183,171,155,127,95,74,63,39,37,9,8,66,202,49,68,86,120,158,143,117,76,75,141,113,8,0,6,7,7,31,42,66,80,111,138,161,175,188,186,183,168,161,164,167,167,167,167,167,168,168,169,169,169,170,170,171,171,171,171,171,171,171,171,171,171,171,171,171,171,172,172,172,172,172,172,172
158,155,145,158,148,150,137,120,105,109,135,106,93,111,113,89,91,81,98,80,102,102,86,74,78,82,76,89,79,72,72,83,113,145,173,158,148,159,132,87,58,43,23,6,1,0,0,0,6,58,182,112,48,62,84,119,104,66,46,100,153,94,11,0,0,0,0,0,0,1,10,29,45,60,106,145,160,172,170,151,179,170,171,173,173,173,173,173,173,174,174,174,174,173,173,173,173,173,173,173,173,173,173,173,173,173,173,173,174,174,174,175,175,175
146,151,156,148,138,154,141,115,117,108,107,97,94,110,107,121,131,95,87,86,109,84,76,78,80,97,82,78,86,84,121,163,181,180,164,142,115,56,33,16,3,0,0,0,0,0,0,0,7,73,133,189,100,57,50,86,68,39,79,139,132,91,36,0,0,0,0,0,0,0,0,0,1,4,23,36,51,112,144,141,179,193,182,172,172,173,174,174,174,174,174,174,174,174,174,175,175,175,175,175,175,175,176,176,176,176,176,177,177,177,177,177,177,177
165,154,161,164,136,114,103,102,116,121,109,85,108,105,127,115,109,95,87,86,84,79,80,79,117,122,72,77,115,170,194,169,150,142,79,28,18,4,0,0,0,0,0,0,0,0,0,0,13,139,135,147,174,87,34,55,39,70,141,139,124,134,56,0,0,0,0,0,0,0,0,0,1,1,1,1,4,18,30,79,136,152,179,204,194,172,174,175,175,176,176,176,176,177,177,177,177,177,178,178,178,178,178,178,178,179,179,178,178,178,178,177,177,177
168,162,151,160,152,115,97,96,104,126,150,128,103,107,117,98,90,86,78,92,76,78,97,117,115,95,90,171,204,175,144,131,65,16,5,0,0,0,0,0,0,0,0,0,0,0,0,0,5,56,158,126,165,175,75,30,50,129,152,130,131,83,11,0,0,0,0,0,0,0,0,0,0,0,0,0,0,0,1,6,19,72,131,142,185,219,186,176,179,179,179,179,179,179,179,179,180,180,180,180,180,180,179,179,179,178,178,178,177,177,177,177,176,176
169,166,160,149,151,145,118,119,134,127,129,106,100,122,109,101,96,84,77,82,78,80,113,123,98,138,218,190,157,129,73,13,1,0,0,0,0,0,0,0,0,0,0,0,0,0,0,0,0,3,53,142,125,176,139,90,127,143,128,132,83,12,0,0,0,0,0,0,0,0,0,0,0,0,0,0,0,0,0,0,0,0,14,91,135,135,206,212,181,180,181,181,180,180,180,180,180,180,180,179,179,179,178,178,178,177,177,177,176,176,176,175,175,173
160,155,154,145,147,145,146,134,132,132,115,99,106,108,120,109,103,89,73,68,72,105,123,116,183,212,167,134,95,16,0,0,0,0,0,0,0,0,0,0,0,0,0,0,0,0,0,0,0,0,0,65,142,119,176,203,167,133,139,82,12,0,0,0,0,0,0,0,0,0,0,0,0,0,0,0,0,0,0,0,0,0,0,0,17,100,130,163,202,191,175,178,179,179,178,178,178,178,177,177,177,176,176,176,175,175,175,174,173,172,171,170,169,168
168,166,163,160,152,156,136,102,102,124,95,101,112,113,120,119,117,78,69,72,87,133,139,189,186,142,111,40,0,0,0,0,0,0,0,0,0,0,0,0,0,0,0,0,0,0,0,0,0,0,0,0,70,154,134,138,134,153,88,15,0,0,0,0,0,0,0,0,0,0,0,0,0,0,0,0,0,0,0,0,0,0,0,0,0,0,44,112,120,174,198,176,173,176,175,175,175,175,175,174,174,174,173,172,171,171,170,169,169,168,168,167,167,166
154,159,152,155,168,154,111,96,112,112,94,106,96,127,115,111,86,69,69,79,108,159,196,170,111,80,6,0,0,0,0,0,0,0,0,0,0,0,0,0,0,0,0,0,0,0,0,0,0,0,0,0,0,73,154,160,182,91,14,0,0,0,0,0,0,0,0,0,0,0,0,0,0,0,0,0,0,0,0,0,0,0,0,0,0,0,0,6,60,109,156,199,186,172,173,174,174,173,173,173,173,173,173,173,172,171,171,170,170,169,169,168,168,168
163,155,162,170,170,153,98,99,96,105,95,83,85,97,125,76,76,76,90,121,169,185,149,98,26,0,0,0,0,0,0,0,0,0,0,0,0,0,0,0,0,0,0,0,0,0,0,0,0,0,0,0,0,0,71,145,93,21,0,0,0,0,0,0,0,0,0,0,0,0,0,0,0,0,0,0,0,0,0,0,0,0,0,0,0,0,0,0,2,30,91,152,192,190,172,172,173,173,173,173,173,173,172,172,172,172,172,172,172,172,172,171,171,171
155,154,173,174,175,140,102,119,110,99,97,94,86,86,79,87,70,118,148,187,176,126,75,15,0,0,0,0,0,0,0,0,0,0,0,0,0,0,0,0,0,0,0,0,0,0,0,0,0,0,0,0,0,0,0,0,0,0,0,0,0,0,0,0,0,0,0,0,0,0,0,0,0,0,0,0,0,0,0,0,0,0,0,0,0,0,0,0,0,0,20,75,132,174,191,173,170,172,172,172,172,172,172,172,172,172,172,172,172,172,172,172,172,172
156,169,175,175,173,162,145,127,97,96,99,120,99,81,74,82,105,154,185,163,112,45,8,1,0,0,0,0,0,0,0,0,0,0,0,0,0,0,0,0,0,0,0,0,0,0,0,0,0,0,0,0,0,0,0,0,0,0,0,0,0,0,0,0,0,0,0,0,0,0,0,0,0,0,0,0,0,0,0,0,0,0,0,0,0,0,0,0,0,0,1,10,47,115,162,190,178,170,172,172,172,172,172,172,172,172,172,172,172,172,172,172,172,172
132,171,176,176,176,173,139,107,126,112,91,119,113,73,72,92,164,196,148,92,26,3,0,0,0,0,0,0,0,0,0,0,0,0,0,0,0,0,0,0,0,0,0,0,0,0,0,0,0,0,0,0,0,0,0,0,0,0,0,0,0,0,0,0,0,0,0,0,0,0,0,0,0,0,0,0,0,0,0,0,0,0,0,0,0,0,0,0,0,0,0,0,4,33,114,155,201,185,171,172,172,172,172,172,172,172,171,171,171,171,171,171,171,171
157,178,178,179,179,178,113,95,113,104,98,129,88,61,100,171,195,160,94,16,1,0,0,0,0,0,0,0,0,0,0,0,0,0,0,0,0,0,0,0,0,0,0,0,0,0,0,0,0,0,0,0,0,0,0,0,0,0,0,0,0,0,0,0,0,0,0,0,0,0,0,0,0,0,0,0,0,0,0,0,0,0,0,0,0,0,0,0,0,0,0,0,0,2,20,103,150,194,190,164,170,170,170,170,170,170,169,169,169,169,169,169,169,169
178,179,179,179,179,119,119,80,85,92,91,123,61,77,146,146,142,87,10,2,1,0,0,0,0,0,0,0,0,0,0,0,0,0,0,0,0,0,0,0,0,0,0,0,0,0,0,0,0,0,0,0,0,0,0,0,0,0,0,0,0,0,0,0,0,0,0,0,0,0,0,0,0,0,0,0,0,0,0,0,0,0,0,0,0,0,0,0,0,0,0,0,0,0,0,9,87,145,146,147,165,166,166,166,166,166,166,166,166,166,166,166,166,166
176,176,176,176,136,119,155,107,80,74,92,86,77,172,188,147,95,0,0,0,0,0,0,0,0,0,0,0,0,0,0,0,0,0,0,0,0,0,0,0,0,0,0,0,0,0,0,0,0,0,0,0,0,0,0,0,0,0,0,0,0,0,0,0,0,0,0,0,0,0,0,0,0,0,0,0,0,0,0,0,0,0,0,0,0,0,0,0,0,0,0,0,0,0,0,0,0,98,145,200,194,164,165,165,165,165,165,165,165,164,165,165,165,165
173,173,173,173,113,152,156,133,106,81,73,80,160,187,147,76,0,0,0,0,0,0,0,0,0,0,0,0,0,0,0,0,0,0,0,0,0,0,0,0,0,0,0,0,0,0,0,0,0,0,0,0,0,0,0,0,0,0,0,0,0,0,0,0,0,0,0,0,0,0,0,0,0,0,0,0,0,0,0,0,0,0,0,0,0,0,0,0,0,0,0,0,0,0,0,0,0,4,94,147,197,186,164,165,165,165,165,165,165,165,165,166,166,166
170,170,170,126,135,159,98,146,122,94,77,146,200,154,91,0,0,0,0,0,0,0,0,0,0,0,0,0,0,0,0,0,0,0,0,0,0,0,0,0,0,0,0,0,0,0,0,0,0,0,0,0,0,0,0,0,0,0,0,0,0,0,0,0,0,0,0,0,0,0,0,0,0,0,0,0,0,0,0,0,0,0,0,0,0,0,0,0,0,0,0,0,0,0,0,0,0,4,8,92,155,205,174,163,165,165,165,165,165,165,165,165,165,165
167,167,167,118,160,149,152,139,98,90,112,175,164,100,9,0,0,0,0,0,0,0,0,0,0,0,0,0,0,0,0,0,0,0,0,0,0,0,0,0,0,0,0,0,0,0,0,0,0,0,0,0,92,146,109,25,0,0,0,0,0,0,0,0,0,0,0,0,0,0,0,0,0,0,0,0,0,0,0,0,0,0,0,0,0,0,0,0,0,0,0,0,0,0,0,0,0,0,0,19,102,157,193,168,163,164,164,164,164,164,164,164,164,164
166,166,121,156,153,152,154,126,103,113,172,164,98,15,0,0,0,0,0,0,0,0,0,0,0,0,0,0,0,0,0,0,0,0,0,0,0,0,0,0,0,0,0,0,0,0,0,0,0,0,0,75,172,198,175,95,23,0,141,197,147,40,0,0,0,0,0,0,0,0,0,0,0,0,0,0,0,0,0,0,0,0,0,0,0,0,0,0,0,0,0,0,0,0,0,0,0,0,0,0,22,101,169,196,166,163,163,163,163,163,163,163,163,163
169,141,150,163,145,97,144,116,111,172,181,116,26,0,0,0,0,0,0,0,0,0,0,0,0,0,0,0,0,0,0,0,0,0,0,0,0,0,0,0,0,141,197,147,40,0,0,0,0,0,0,156,198,198,191,181,156,150,158,237,202,190,122,25,0,0,0,0,0,0,0,0,0,0,0,0,0,0,0,0,0,0,0,0,0,0,0,0,0,0,0,0,0,0,0,0,0,0,0,0,0,36,122,178,188,163,164,164,164,164,165,165,165,165
170,149,168,144,161,160,132,111,150,183,132,45,4,0,0,0,0,0,0,0,0,0,0,0,0,0,0,0,0,0,0,0,0,0,0,0,0,0,92,146,158,220,237,210,124,38,0,0,0,0,0,134,198,198,189,217,203,217,167,167,233,238,184,95,23,0,0,0,0,0,0,0,0,0,0,0,0,0,0,0,0,0,0,0,0,0,0,0,0,0,0,0,0,0,0,0,0,0,0,0,0,7,54,130,189,178,163,164,164,164,164,164,164,164
156,166,156,156,61,138,128,132,186,151,72,8,0,0,0,0,0,0,0,0,0,0,0,0,0,0,0,0,0,0,0,0,0,0,0,0,0,75,172,198,224,241,238,229,203,114,146,109,25,0,0,52,158,183,209,217,203,228,217,123,243,238,199,169,29,0,0,0,0,0,0,0,0,0,0,0,0,0,0,0,0,0,0,0,0,0,0,0,0,0,0,0,0,0,0,0,0,0,0,0,0,0,10,83,162,201,171,164,164,164,164,164,164,164
167,165,150,164,82,133,110,177,157,92,14,0,0,0,0,0,0,0,0,0,0,0,0,0,0,0,0,0,0,0,0,0,0,0,0,0,0,156,198,198,210,244,238,229,196,183,198,175,95,23,0,0,67,117,185,229,220,207,210,116,238,224,200,169,29,0,0,0,0,0,0,0,0,0,0,0,0,0,0,0,0,0,0,0,0,0,0,0,0,0,0,0,0,0,0,0,0,0,0,0,0,0,0,22,110,168,200,163,163,163,164,164,164,164
162,157,164,157,112,113,144,160,117,22,0,0,0,0,0,0,0,0,0,0,0,0,0,0,0,0,0,0,0,0,0,0,0,0,0,0,0,134,198,198,173,221,225,201,198,206,198,191,169,29,0,0,0,75,167,218,221,185,129,131,195,194,165,99,26,0,0,0,0,0,0,0,0,0,0,0,0,0,0,0,0,0,0,0,0,0,0,0,0,0,0,0,0,0,0,0,0,0,0,0,0,0,0,1,29,122,186,203,162,164,164,164,164,164
165,165,156,46,85,146,192,150,78,3,0,0,0,0,0,0,0,0,0,0,0,0,0,0,0,0,0,0,0,0,0,0,0,0,0,0,0,52,158,183,163,144,167,122,153,200,198,191,169,29,0,0,0,156,198,188,192,159,49,5,67,117,85,30,5,0,0,0,0,0,0,0,0,0,0,0,0,0,0,0,0,0,0,0,0,0,0,0,0,0,0,0,0,0,0,0,0,0,0,0,0,0,0,0,0,91,160,213,171,164,164,164,164,164
166,160,129,68,95,197,170,120,2,0,0,0,0,0,0,0,0,0,0,0,0,0,0,0,0,0,0,0,0,0,0,0,0,0,0,0,0,0,67,117,85,30,5,0,52,158,183,163,99,26,0,0,0,134,198,198,191,169,29,0,0,0,0,0,0,0,0,0,0,0,0,0,0,0,0,0,0,0,0,0,0,0,0,0,0,0,0,0,0,0,0,0,0,0,0,0,0,0,0,0,0,0,0,0,2,4,119,160,206,160,162,162,162,162
162,166,166,165,171,190,139,36,0,0,0,0,0,0,0,0,0,0,0,0,0,0,0,0,0,0,0,0,0,0,0,0,0,0,0,0,0,0,0,0,0,0,0,0,0,67,117,85,30,5,0,0,0,52,158,183,163,99,26,0,0,0,0,0,0,0,0,0,0,0,0,0,0,0,0,0,0,0,0,0,0,0,0,0,0,0,0,0,0,0,0,0,0,0,0,0,0,0,0,0,0,0,0,0,0,0,42,139,205,181,163,163,163,163
166,166,58,166,191,160,99,0,0,0,0,0,0,0,0,0,0,0,0,0,0,0,0,0,0,0,0,0,0,0,0,0,0,0,0,0,0,0,0,92,146,109,25,0,0,0,0,0,0,0,0,0,0,0,67,117,85,30,5,0,0,0,0,0,0,0,0,0,0,0,0,0,0,0,0,0,0,0,0,0,0,0,0,0,0,0,0,0,0,0,0,0,0,0,0,0,0,0,0,0,0,0,0,0,0,0,3,110,167,195,162,164,164,164
164,163,90,172,184,151,16,0,0,0,0,0,0,0,0,0,0,0,0,0,0,0,0,0,0,0,0,0,0,0,0,0,0,0,0,0,0,0,75,172,198,175,95,23,0,0,0,0,0,0,0,0,0,0,0,0,0,0,0,0,0,0,0,0,0,0,0,0,0,0,0,0,0,0,0,0,0,0,0,0,0,0,0,0,0,0,0,0,0,0,0,0,0,0,0,0,0,0,0,0,0,0,0,0,0,0,2,19,144,179,183,164,165,165
161,33,160,176,161,79,0,0,0,0,0,0,0,0,0,0,0,0,0,0,0,0,0,0,0,0,0,0,0,0,0,0,0,0,0,0,0,0,156,198,198,191,169,29,0,0,0,0,0,0,0,0,0,0,0,0,0,0,0,0,0,0,0,0,0,0,0,0,0,0,0,0,0,0,0,0,0,0,0,0,0,0,0,0,0,0,0,0,0,0,0,0,0,0,0,0,0,0,0,0,0,0,0,0,0,0,0,0,87,158,198,165,163,163
160,66,164,179,149,12,0,0,0,0,0,0,0,0,0,0,0,0,0,0,0,0,0,0,0,0,0,0,0,0,0,0,0,0,0,0,0,0,134,198,198,191,169,29,0,0,0,0,0,0,0,0,0,0,0,0,0,0,0,0,0,0,0,0,0,0,0,0,0,0,0,0,0,0,0,0,0,0,0,0,0,0,0,0,0,0,0,0,0,0,0,0,0,0,0,0,0,0,0,0,0,0,0,0,0,0,0,0,24,143,180,179,160,161
160,114,179,171,66,3,0,0,0,0,0,0,0,0,0,0,0,0,0,0,0,0,0,0,0,0,0,0,0,0,0,0,0,0,0,0,0,0,52,158,183,163,99,26,0,0,0,0,0,0,0,0,0,0,0,0,0,0,0,0,0,0,0,0,0,0,0,0,0,0,0,0,0,0,0,0,0,0,0,0,0,0,0,0,0,0,0,0,0,0,0,0,0,0,0,0,0,0,0,0,0,0,0,0,0,0,0,0,8,79,163,189,161,161
45,160,177,161,16,1,0,0,0,0,0,0,0,0,0,0,0,0,0,0,0,0,0,0,0,0,0,0,0,0,0,0,0,0,0,0,0,0,0,67,117,85,30,5,0,0,0,0,0,0,0,0,0,0,0,0,0,0,0,0,0,0,0,0,0,0,0,0,0,0,0,0,0,0,0,0,0,0,0,0,0,0,0,0,0,0,0,0,0,0,0,0,0,0,0,0,0,0,0,0,0,0,0,0,0,0,0,0,2,31,150,180,167,160
87,130,139,88,6,1,0,0,0,0,0,0,0,0,0,0,0,0,0,0,0,0,0,0,0,0,0,0,0,0,0,0,0,0,0,0,0,0,0,0,0,0,0,0,0,0,0,0,0,0,0,0,0,0,0,0,0,0,0,0,0,0,0,0,0,0,0,0,0,0,0,0,0,0,0,0,0,0,0,0,0,0,0,0,0,0,0,0,0,0,0,0,0,0,0,0,0,0,0,0,0,0,0,0,0,0,0,0,1,13,95,133,140,157
116,163,151,27,1,1,0,0,0,0,0,0,0,0,0,0,0,0,0,0,0,0,0,0,0,0,0,0,0,0,0,0,0,0,0,0,0,0,0,0,0,0,0,0,0,0,0,0,0,0,0,0,0,0,0,0,0,0,0,0,0,0,0,0,0,0,0,0,0,0,0,0,0,0,0,0,0,0,0,0,0,0,0,0,0,0,0,0,0,0,0,0,0,0,0,0,0,0,0,0,0,0,0,0,0,0,0,0,1,1,43,150,177,163
151,175,118,17,1,1,0,0,0,0,0,0,0,0,0,0,0,0,0,0,0,0,0,0,0,0,0,0,0,0,0,0,0,0,0,0,0,0,0,0,0,0,0,0,0,0,0,0,0,0,0,0,0,0,0,0,0,0,0,0,0,0,0,0,0,0,0,0,0,0,0,0,0,0,0,0,0,0,0,0,0,0,0,0,0,0,0,0,0,0,0,0,0,0,0,0,0,0,0,0,0,0,0,0,0,0,0,0,1,1,26,126,183,174
174,177,55,3,0,0,0,0,0,0,0,0,0,0,0,0,0,0,0,0,0,0,0,0,0,0,0,0,0,0,0,0,0,0,0,0,0,0,0,0,0,0,0,0,0,0,0,0,0,0,0,0,0,0,0,0,0,0,0,0,0,0,0,0,0,0,0,0,0,0,0,0,0,0,0,0,0,0,0,0,0,0,0,0,0,0,0,0,0,0,0,0,0,0,0,0,0,0,0,0,0,0,0,0,0,0,0,0,0,0,5,74,173,183
179,152,35,0,0,0,0,0,0,0,0,0,0,0,0,0,0,0,0,0,0,0,0,0,0,0,0,0,0,0,0,0,0,0,0,0,0,0,0,0,0,0,0,0,0,0,0,0,0,0,0,0,0,0,0,0,0,0,0,0,0,0,0,0,0,0,0,0,0,0,0,0,0,0,0,0,0,0,0,0,0,0,0,0,0,0,0,0,0,0,0,0,0,0,0,0,0,0,0,0,0,0,0,0,0,0,0,0,0,0,0,48,143,181
182,106,17,0,0,0,0,0,0,0,0,0,0,0,0,0,0,0,0,0,0,0,0,0,0,0,0,0,0,0,0,0,0,0,0,0,0,0,0,0,0,0,0,0,0,0,0,0,0,0,0,0,0,0,0,0,0,0,0,0,0,0,0,0,0,0,0,0,0,0,0,0,0,0,0,0,0,0,0,0,0,0,0,0,0,0,0,0,0,0,0,0,0,0,0,0,86,136,101,23,0,0,0,0,0,0,0,0,0,0,0,22,111,181
177,63,2,0,0,0,0,0,0,0,0,0,0,0,0,0,0,0,0,0,0,0,0,0,0,0,0,0,0,0,0,0,0,0,0,0,0,0,0,0,0,5,0,0,0,0,18,0,0,0,0,0,0,0,0,0,0,0,0,0,0,0,0,0,0,0,0,0,0,0,0,0,0,0,0,0,0,0,0,0,0,0,0,0,0,0,0,0,0,0,0,0,0,0,0,70,161,184,164,89,21,0,0,0,0,0,0,0,0,0,0,5,83,176
153,47,0,0,0,0,0,0,0,0,0,0,0,0,0,0,0,0,0,0,0,0,0,0,0,0,0,0,0,0,0,0,0,0,0,0,0,0,0,0,0,79,107,29,8,104,116,16,0,0,0,0,0,0,0,0,0,0,0,0,0,0,0,0,0,0,0,0,0,0,0,0,0,0,0,0,0,0,0,0,0,0,0,0,0,0,0,0,0,0,0,0,0,0,0,145,184,184,178,158,27,0,0,0,0,0,0,0,0,0,0,0,60,152
115,25,0,0,0,0,0,0,0,0,0,0,0,0,0,0,0,0,0,0,0,0,0,0,0,0,0,0,0,0,0,0,0,0,0,0,0,0,0,0,0,21,145,106,89,145,65,15,0,0,0,0,0,0,0,0,0,0,0,0,0,0,0,0,0,0,0,0,0,0,0,0,0,0,0,0,0,0,0,0,0,0,0,0,0,0,0,0,0,0,0,0,0,0,0,125,184,184,178,158,27,0,0,0,0,0,0,0,0,0,0,0,29,122
80,6,0,0,0,0,0,0,0,0,0,0,0,0,0,0,0,0,0,0,0,0,0,0,0,0,0,0,0,0,0,0,0,0,0,0,0,0,0,0,0,0,45,145,145,80,15,4,0,0,0,0,0,0,0,0,0,0,0,0,0,0,0,0,0,0,0,0,0,0,0,0,0,0,0,0,0,0,0,0,0,0,0,0,0,0,0,0,0,0,0,0,0,0,0,49,148,171,152,92,24,0,0,0,0,0,0,0,0,0,0,0,6,100
70,0,0,0,0,0,0,0,0,0,0,0,0,0,0,0,0,0,0,0,0,0,0,0,0,0,0,0,0,0,0,0,0,0,0,0,0,0,0,0,0,0,45,145,145,80,13,0,0,0,0,0,0,0,0,0,0,0,0,0,0,0,0,0,0,0,0,0,0,0,0,0,0,0,0,0,0,0,0,0,0,0,0,0,0,0,0,0,0,0,0,0,0,0,0,0,63,109,79,28,5,0,0,0,0,0,0,0,0,0,0,0,0,88
42,0,0,0,0,0,0,0,0,0,0,0,0,0,0,0,0,0,0,0,0,0,0,0,0,0,0,0,0,0,0,0,0,0,0,0,0,0,0,0,0,23,143,122,90,140,55,4,0,0,0,0,0,0,0,0,0,0,0,0,0,0,0,0,0,0,0,0,0,0,0,0,0,0,0,0,0,0,0,0,0,0,0,0,0,0,0,0,0,0,0,0,0,0,0,0,0,0,0,0,0,0,0,0,0,0,0,0,0,0,0,0,0,53
37,0,0,0,0,0,0,0,0,0,0,0,0,0,0,0,0,0,0,0,0,0,0,0,0,0,0,0,0,0,0,0,0,0,0,0,0,0,0,0,0,86,108,61,14,100,100,12,0,0,0,0,0,0,0,0,0,0,0,0,0,0,0,0,0,0,0,0,0,0,0,0,0,0,0,0,0,0,0,0,0,0,0,0,0,0,0,0,0,0,0,0,0,0,0,0,0,0,0,0,0,0,0,0,0,0,0,0,0,0,0,0,0,45
8,0,0,0,0,0,0,0,0,0,0,0,0,0,0,0,0,0,0,0,0,0,0,0,0,0,0,0,0,0,0,0,0,0,0,0,0,0,0,0,0,11,11,0,0,0,0,0,0,0,0,0,0,0,0,0,0,0,0,0,0,0,0,0,0,0,0,0,0,0,0,0,0,0,0,0,0,0,0,0,0,0,0,0,0,0,0,0,0,0,0,0,0,0,0,0,0,0,0,0,0,0,0,0,0,0,0,0,0,0,0,0,0,10
1,1,0,0,0,0,0,0,0,0,0,0,0,0,0,0,0,0,0,0,0,0,0,0,0,0,0,0,0,0,0,0,0,0,0,0,0,0,0,0,0,0,0,0,0,0,0,0,0,0,0,0,0,0,0,0,0,0,0,0,0,0,0,0,0,0,0,0,0,0,0,0,0,0,0,0,0,0,0,0,0,0,0,0,0,0,0,0,0,0,0,0,0,0,0,0,0,0,0,0,0,0,0,0,0,0,0,0,0,0,0,0,1,1
1,1,0,0,0,0,0,0,0,0,0,0,0,0,0,0,0,0,0,0,0,0,0,0,0,0,0,0,0,0,0,0,0,0,0,0,0,0,0,0,0,0,0,0,0,0,0,0,0,0,0,0,0,0,0,0,0,0,0,0,0,0,0,0,0,0,0,0,0,0,0,0,0,0,0,0,0,0,0,0,0,0,0,0,0,0,0,0,0,0,0,0,0,0,0,0,0,0,0,0,0,0,0,0,0,0,0,0,0,0,0,0,1,1
1,1,0,0,0,0,0,0,0,0,0,0,0,0,0,0,0,0,0,0,0,0,0,0,0,0,0,0,0,0,0,0,0,0,0,0,0,0,0,0,0,0,0,0,0,0,0,0,0,0,0,0,0,0,0,0,0,0,0,0,0,0,0,0,0,0,0,0,0,0,0,0,0,0,0,0,0,0,0,0,0,0,0,0,0,0,0,0,0,0,0,0,0,0,0,0,0,0,0,0,0,0,0,0,0,0,0,0,0,0,0,0,1,1
0,0,0,0,0,0,0,0,0,0,0,0,0,0,0,0,0,0,0,0,0,0,0,0,0,0,0,0,0,0,0,0,0,0,0,0,0,0,0,0,0,0,0,0,0,0,92,146,109,25,0,0,0,0,0,0,0,0,0,0,0,0,0,0,0,0,0,0,0,0,0,0,0,0,0,0,0,0,0,0,0,0,0,0,0,0,0,0,0,0,0,0,0,0,0,0,0,0,0,0,0,0,0,0,0,0,0,0,0,0,0,0,0,0
0,0,0,0,0,0,0,0,0,0,0,0,0,0,0,0,0,0,0,0,0,0,0,0,0,0,0,0,0,0,0,0,0,0,0,0,0,0,0,0,0,0,0,0,0,75,172,198,175,95,23,0,0,0,0,0,0,0,0,0,0,0,0,92,178,160,91,25,0,0,0,0,0,0,0,0,0,0,0,0,0,0,0,0,0,0,0,0,0,0,0,0,0,0,0,0,0,0,0,0,0,0,0,0,0,0,0,0,0,0,0,0,0,0
0,0,0,0,0,0,0,0,0,0,0,0,0,0,0,0,0,0,0,0,0,0,0,0,0,0,0,0,0,0,0,0,0,0,0,0,0,0,0,92,146,109,106,35,96,164,198,198,191,169,29,0,0,0,0,0,0,0,0,0,0,0,132,213,190,156,148,86,23,0,0,0,0,0,0,0,0,0,0,0,0,0,0,0,0,0,0,0,0,0,0,0,0,0,0,0,0,0,0,0,0,0,0,0,0,0,0,0,0,0,0,0,0,0
0,0,0,0,0,0,0,0,0,0,0,0,0,0,0,0,0,0,0,0,0,0,0,0,0,0,0,0,0,0,0,0,0,0,0,0,0,0,75,197,227,192,200,49,154,196,237,217,222,170,43,0,0,0,0,0,0,0,0,0,0,75,214,243,223,165,161,97,29,0,0,0,0,0,0,0,0,0,0,0,0,0,0,0,0,0,0,0,0,0,0,0,0,0,0,0,0,0,0,0,0,0,0,0,0,0,0,0,0,0,0,0,0,0
0,0,0,0,0,0,0,0,0,0,0,0,0,0,0,0,0,0,0,0,0,0,0,0,0,0,0,0,0,0,0,0,0,0,0,0,0,0,180,232,237,229,235,49,165,194,211,235,240,202,108,23,0,0,0,0,0,0,0,0,151,205,231,236,234,90,112,97,29,0,0,0,0,0,0,0,0,0,0,0,0,0,0,0,0,0,0,0,0,0,0,0,0,0,0,0,0,0,0,0,0,0,0,0,0,0,0,0,0,0,0,0,0,0
0,0,0,0,0,0,0,0,0,0,0,0,0,0,0,0,0,0,0,0,0,0,0,0,0,0,0,0,0,0,0,0,0,0,0,0,0,0,192,237,237,219,238,50,199,235,226,240,235,220,176,29,0,0,0,0,0,0,0,0,204,240,251,253,251,42,85,90,26,0,0,0,0,0,0,0,0,0,0,0,0,0,0,0,0,0,0,0,0,0,0,0,0,0,0,0,0,0,0,0,0,0,0,0,0,0,0,0,0,0,0,0,0,0
0,0,0,0,0,0,0,0,0,0,0,0,0,0,0,0,0,0,0,0,0,0,0,0,0,0,0,0,0,0,0,0,0,0,0,0,0,0,142,218,226,192,204,46,140,169,218,247,244,228,181,36,0,0,28,32,26,8,0,0,230,244,250,250,246,30,72,34,5,0,0,0,0,0,0,0,0,0,0,0,0,0,0,0,0,0,0,0,0,0,0,0,0,0,0,0,0,0,0,0,0,0,0,0,0,0,0,0,0,0,0,0,0,0
0,0,0,0,0,0,0,0,0,0,0,0,0,0,0,0,0,0,0,0,0,0,0,0,0,0,0,0,0,0,0,0,0,0,0,0,0,0,52,163,189,156,124,41,35,56,167,227,230,193,112,43,96,162,123,80,77,79,115,135,235,248,247,246,241,29,33,0,0,0,0,0,0,0,0,0,0,0,0,0,0,0,0,0,0,0,0,0,0,0,0,0,0,0,0,0,0,0,0,0,0,0,0,0,0,0,0,0,0,0,0,0,0,0
0,0,0,0,0,0,0,0,0,0,0,0,0,0,0,0,0,0,0,0,0,0,0,0,0,0,0,0,0,0,0,0,0,0,0,0,0,0,0,67,117,85,30,5,0,164,191,190,189,163,165,194,200,227,237,225,226,219,189,223,248,222,250,250,248,13,26,0,0,0,0,0,0,0,0,0,0,0,0,0,0,0,0,0,0,0,0,0,0,0,0,0,0,0,0,0,0,0,0,0,0,0,0,0,0,0,0,0,0,0,0,0,0,0
0,0,0,0,0,0,0,0,0,0,0,0,0,0,0,0,0,0,0,0,0,0,0,0,0,0,0,0,0,0,0,0,0,0,0,0,0,0,0,0,0,0,0,0,0,52,158,202,230,224,227,225,222,222,244,240,247,244,223,248,238,165,231,231,226,18,5,0,0,0,0,0,0,0,0,0,0,0,0,0,0,0,0,0,0,0,0,0,0,0,0,0,0,0,0,0,0,0,0,0,0,0,0,0,0,0,0,0,0,0,0,0,0,0
0,0,0,0,0,0,0,0,0,0,0,0,0,0,0,0,0,0,0,0,0,0,0,0,0,0,0,0,0,0,0,0,0,0,0,0,0,0,0,0,0,0,0,0,0,0,67,131,184,219,215,198,234,215,230,230,242,237,225,247,253,45,240,230,213,1,0,0,0,0,0,0,0,0,0,0,0,0,0,0,0,0,0,0,0,0,0,0,0,0,0,0,0,0,0,0,0,0,0,0,0,0,0,0,0,0,0,0,0,0,0,0,0,0
0,0,0,0,0,0,0,0,0,0,0,0,0,0,0,0,0,0,0,0,0,0,0,0,0,0,0,0,0,0,0,0,0,0,0,0,0,0,0,0,0,0,0,0,0,0,0,0,67,169,176,175,228,231,201,183,237,238,228,241,250,45,221,210,205,0,0,0,0,0,0,0,0,0,0,0,0,0,0,0,0,0,0,0,0,0,0,0,0,0,0,0,0,0,0,0,0,0,0,0,0,0,0,0,0,0,0,0,0,0,0,0,0,0
1,1,0,0,0,0,0,0,0,0,0,0,0,0,0,0,0,0,0,0,0,0,0,0,0,0,0,0,0,0,0,0,0,0,0,0,0,0,0,0,0,0,0,0,0,0,0,0,0,52,158,213,201,189,175,174,247,237,234,231,251,46,209,204,204,2,0,0,0,0,0,0,0,0,0,0,0,0,0,0,0,0,0,0,0,0,0,0,0,0,0,0,0,0,0,0,0,0,0,0,0,0,0,0,0,0,0,0,0,0,0,0,0,0
1,1,0,0,0,0,0,0,0,0,0,0,0,0,0,0,0,0,0,0,0,0,0,0,0,0,0,0,0,0,0,0,0,0,0,0,0,0,0,0,0,0,0,0,0,0,0,92,146,109,82,138,150,136,163,206,215,208,194,205,223,79,194,187,193,71,91,25,0,0,0,0,0,0,0,0,0,0,0,0,0,0,0,0,0,0,0,0,0,0,0,0,0,0,0,0,0,0,0,0,0,0,0,0,0,0,0,0,0,0,0,0,0,4
1,1,0,0,0,0,0,0,0,0,0,0,0,0,0,0,0,0,0,0,0,0,0,0,0,0,0,0,0,0,0,0,0,0,0,0,0,0,0,0,0,0,0,0,0,0,75,210,237,215,132,39,0,102,224,210,201,160,144,188,164,103,202,115,165,167,154,116,96,25,0,0,0,0,0,0,0,0,0,0,0,0,0,0,0,0,0,0,0,0,0,0,0,0,0,0,0,0,0,0,0,86,136,101,23,0,0,0,0,0,0,0,0,5
9,0,0,0,0,0,0,0,0,0,0,0,0,0,0,0,0,0,0,0,0,0,0,0,0,0,0,0,0,0,0,0,0,0,0,0,0,0,0,0,0,0,0,0,0,0,194,239,245,239,210,73,23,180,201,213,191,167,199,138,156,123,193,124,217,123,214,113,99,95,23,0,0,0,0,0,0,0,0,0,0,0,0,0,0,0,0,0,0,0,0,0,0,0,0,0,0,86,136,101,66,161,184,164,89,21,0,0,0,0,0,0,0,12
40,0,0,0,0,0,0,0,0,0,0,0,0,0,0,0,0,0,0,0,0,0,0,0,0,0,0,0,0,0,0,0,0,0,0,0,0,0,0,0,0,0,0,0,0,0,214,244,247,240,216,103,63,209,202,226,231,217,172,162,137,166,135,180,217,124,215,113,106,169,29,0,0,0,0,0,0,0,0,0,0,0,0,0,0,0,0,0,0,0,0,0,0,0,0,0,70,161,184,164,133,144,184,178,158,27,0,0,0,0,0,0,0,52
47,0,0,0,0,0,0,0,0,0,0,0,0,0,0,0,0,0,0,0,0,0,0,0,0,0,0,0,0,0,0,0,0,0,0,0,0,0,0,0,0,0,0,0,0,0,190,226,237,221,172,150,69,195,206,193,206,175,155,150,131,157,131,202,167,165,165,131,151,169,29,0,0,0,0,0,0,0,0,0,0,0,0,0,0,0,0,0,0,0,0,0,0,0,0,0,145,184,184,178,183,101,184,178,158,27,0,0,0,0,0,0,0,65
76,0,0,0,0,0,0,0,0,0,0,0,0,0,0,0,0,0,0,0,0,0,0,0,0,0,0,0,0,0,0,0,0,0,0,0,0,0,0,0,0,0,0,0,0,0,147,190,207,186,161,147,97,206,207,193,181,174,146,162,167,138,169,122,122,144,129,147,162,99,26,0,0,0,0,0,0,0,0,0,0,0,0,0,0,0,0,0,0,0,0,0,0,0,0,0,125,184,184,178,168,87,171,152,92,24,0,0,0,0,0,0,0,100
89,7,0,0,0,0,0,0,0,0,0,0,0,0,0,0,0,0,0,0,0,0,0,0,0,0,0,0,0,0,0,0,0,0,0,0,0,0,0,0,0,0,0,0,0,0,52,165,190,187,152,131,177,236,213,194,171,178,181,185,159,176,186,39,0,0,123,174,133,46,5,0,0,0,0,0,0,0,0,0,0,0,0,0,0,0,0,0,0,0,0,0,0,0,0,0,49,148,171,152,92,65,109,79,28,5,0,0,0,0,0,0,11,116
132,28,0,0,0,0,0,0,0,0,0,0,0,0,0,0,0,0,0,0,0,0,0,0,0,0,0,0,0,0,0,0,0,0,0,0,0,0,0,0,0,0,0,0,0,0,0,67,138,163,148,162,226,227,216,171,170,184,151,173,204,212,161,73,25,75,172,198,175,95,23,0,0,0,0,0,0,0,0,0,0,0,0,0,0,0,0,0,0,0,0,0,0,0,0,0,0,63,109,79,28,5,0,0,0,0,0,0,0,0,0,0,45,154
175,52,0,0,0,0,0,0,0,0,0,0,0,0,0,0,0,0,0,0,0,0,0,0,0,0,0,0,0,0,0,0,0,0,0,0,0,0,0,0,0,0,0,0,0,0,0,0,0,201,232,246,216,203,177,156,182,173,181,165,181,184,165,100,123,159,219,203,191,169,29,0,0,0,0,0,0,0,0,0,0,0,0,0,0,0,0,0,0,0,0,0,0,0,0,0,0,0,0,0,0,0,0,0,0,0,0,0,0,0,0,0,72,171
189,71,4,0,0,0,0,0,0,0,0,0,0,0,0,0,0,0,0,0,0,0,0,0,0,0,0,0,0,0,0,0,0,0,0,0,0,0,0,0,0,0,0,0,0,0,0,0,119,218,225,247,245,210,217,208,191,159,111,132,213,214,170,168,195,113,233,217,196,169,29,0,0,0,0,0,0,0,0,0,0,0,0,0,0,0,0,0,0,0,0,0,0,0,0,0,0,0,0,0,0,0,0,0,0,0,0,0,0,0,0,3,90,174
184,116,18,0,0,0,0,0,0,0,0,0,0,0,0,0,0,0,0,0,0,0,0,0,0,0,0,0,0,0,0,0,0,0,0,0,0,0,0,0,0,0,0,0,0,0,0,0,220,217,204,230,230,203,161,175,142,56,5,67,180,187,183,229,200,88,216,220,170,99,26,0,0,0,0,0,0,0,0,0,0,0,0,0,0,0,0,0,0,0,0,0,0,0,0,0,0,0,0,0,0,0,0,0,0,0,0,0,0,0,0,30,138,179
168,182,39,0,0,0,0,0,0,0,0,0,0,0,0,0,0,0,0,0,0,0,0,0,0,0,0,0,0,0,0,0,0,0,0,0,0,0,0,0,0,0,0,0,0,0,0,75,213,247,200,193,190,150,147,158,151,43,92,146,180,219,226,214,164,97,184,183,97,30,5,0,0,0,0,0,0,0,0,0,0,0,0,0,0,0,0,0,0,0,0,0,0,0,0,0,0,0,0,0,0,0,0,0,0,0,0,0,0,0,0,59,175,181
152,186,60,3,0,0,0,0,0,0,0,0,0,0,0,0,0,0,0,0,0,0,0,0,0,0,0,0,0,0,0,0,0,0,0,0,0,0,0,0,0,0,0,0,0,0,0,156,184,228,235,198,179,159,184,209,203,62,211,219,201,199,196,173,160,104,163,99,26,0,0,0,0,0,0,0,0,0,0,0,0,0,0,0,0,0,0,0,0,0,0,0,0,0,0,0,0,0,0,0,0,0,0,0,0,0,0,0,0,0,5,82,176,164
151,186,145,19,0,0,0,0,0,0,0,0,0,0,0,0,0,0,0,0,0,0,0,0,0,0,0,0,0,0,0,0,0,0,0,0,0,0,0,0,0,0,0,0,0,0,0,134,192,193,198,164,125,208,229,255,255,102,244,239,197,212,190,163,120,102,85,30,5,0,0,0,0,0,0,0,0,0,0,0,0,0,0,0,0,0,0,0,0,0,0,0,0,0,0,0,0,0,0,0,0,0,0,0,0,0,0,0,0,0,30,149,172,156
149,139,153,46,2,0,0,0,0,0,0,0,0,0,0,0,0,0,0,0,0,0,0,0,0,0,0,0,0,0,0,0,0,0,0,0,0,0,0,0,0,0,0,255,255,255,255,255,255,197,195,179,165,188,178,255,255,0,247,245,231,178,132,85,30,5,0,0,0,0,0,0,0,0,0,0,0,0,0,0,0,0,0,0,0,0,0,0,0,0,0,0,0,0,0,0,0,0,0,0,0,0,0,0,0,0,0,0,0,1,50,154,139,153
149,126,166,108,6,0,0,0,0,0,0,0,0,0,0,0,0,0,0,0,0,0,0,0,0,0,0,0,0,0,0,0,0,0,0,0,0,0,0,0,0,0,0,0,0,255,255,0,0,0,150,127,130,115,105,255,255,0,232,235,213,121,51,0,0,0,0,0,0,0,0,0,0,0,0,0,0,0,0,0,0,0,0,0,0,0,0,0,0,0,0,0,0,0,0,0,0,0,0,0,0,0,0,0,0,0,0,0,0,14,121,167,143,153
158,154,173,197,19,1,0,0,0,0,0,0,0,0,0,0,0,0,0,0,0,0,0,0,0,0,0,0,0,0,0,0,0,0,0,0,0,0,0,0,0,0,0,0,0,255,255,0,0,0,255,255,255,0,0,255,255,0,255,255,158,255,255,0,0,255,255,255,0,0,0,0,0,0,0,0,0,0,0,0,0,0,0,0,0,0,0,0,0,0,0,0,0,0,0,0,0,0,0,0,0,0,0,0,0,0,0,0,2,34,181,174,159,157
158,154,144,195,88,4,0,0,0,0,0,0,0,0,0,0,0,0,0,0,0,0,0,0,0,0,0,0,0,0,0,0,0,0,0,0,0,0,0,0,0,0,0,0,0,255,255,0,0,0,0,0,255,255,0,255,255,0,255,255,0,255,255,0,255,255,0,0,0,0,0,0,0,0,0,0,0,0,0,0,0,0,0,0,0,0,0,0,0,0,0,0,0,0,0,0,0,0,0,0,0,0,0,0,0,0,0,0,8,103,190,163,154,158
157,156,147,173,190,15,0,0,0,0,0,0,0,0,0,0,0,0,0,0,0,0,0,0,0,0,0,0,0,0,0,0,0,0,0,0,0,0,0,0,0,0,0,0,0,255,255,0,0,0,255,255,255,255,0,255,255,0,255,255,0,255,255,0,255,255,255,255,0,0,0,0,0,0,0,0,0,0,0,0,0,0,0,0,0,0,0,0,0,0,0,0,0,0,0,0,0,0,0,0,0,0,0,0,0,0,0,0,24,182,184,160,156,157
157,157,153,162,198,104,0,0,0,0,0,0,0,0,0,0,0,0,0,0,0,0,0,0,0,0,0,0,0,0,0,0,0,0,0,0,0,0,0,0,0,0,0,0,0,255,255,0,0,255,255,0,255,255,0,255,255,0,255,255,0,255,255,0,0,0,255,255,0,0,0,0,0,0,0,0,0,0,0,0,0,0,0,0,0,0,0,0,0,0,0,0,0,0,0,0,0,0,0,0,0,0,0,0,0,0,0,0,114,184,165,155,157,157
157,157,156,148,171,201,20,0,0,0,0,0,0,0,0,0,0,0,0,0,0,0,0,0,0,0,0,0,0,0,0,0,0,0,0,0,0,0,0,0,0,0,0,0,0,255,255,0,0,0,255,255,255,255,0,255,255,0,0,255,255,255,255,0,255,255,255,0,0,0,0,0,0,0,0,0,0,0,0,0,0,0,0,0,0,0,0,0,0,0,0,0,0,0,0,0,0,0,0,0,0,0,0,0,0,0,0,25,188,176,156,157,157,157
157,157,157,153,143,199,141,1,0,0,0,0,0,0,0,0,0,0,0,0,0,0,0,0,0,0,0,0,0,0,0,0,0,0,0,0,0,0,0,0,0,0,0,0,0,0,0,0,0,0,0,0,0,0,0,0,0,0,0,0,0,0,0,0,0,0,0,0,0,0,0,0,0,0,0,0,0,0,0,0,0,0,0,0,0,0,0,0,0,0,0,0,0,0,0,0,0,0,0,0,0,0,0,0,0,0,0,147,197,174,156,157,157,157
157,157,157,157,161,170,185,44,0,0,0,0,0,0,0,0,0,0,0,0,0,0,0,0,0,0,0,0,0,0,0,0,0,0,0,0,0,0,0,0,0,0,0,0,0,0,0,0,0,0,0,0,0,0,0,0,0,0,0,0,0,0,0,0,0,0,0,0,0,0,0,0,0,0,0,0,0,0,0,0,0,0,0,0,0,0,0,0,0,0,0,0,0,0,0,0,0,0,0,0,0,0,0,0,0,0,55,194,162,157,157,157,157,157
157,157,157,157,155,141,182,147,3,0,0,0,0,0,0,0,0,0,0,0,0,0,0,0,0,0,0,0,0,0,0,0,0,0,0,0,0,0,0,0,0,0,0,0,0,0,0,0,0,0,0,0,0,0,0,0,0,0,0,0,0,0,0,0,0,0,0,0,0,0,0,0,0,0,0,0,0,0,0,0,0,0,0,0,0,0,0,0,0,0,0,0,0,0,0,0,0,0,0,0,0,0,0,0,0,7,175,178,157,155,157,157,157,157
157,157,157,157,157,149,158,199,105,2,0,0,0,0,0,0,0,0,0,0,0,0,0,0,0,0,0,0,0,0,0,0,0,0,0,0,0,0,0,0,0,0,0,0,0,0,0,0,0,0,0,0,0,0,0,0,0,0,0,0,0,0,0,0,0,0,0,0,0,0,0,0,0,0,0,0,0,0,0,0,0,0,0,0,0,0,0,0,0,0,0,0,0,0,0,0,0,0,0,0,0,0,0,0,2,119,190,177,155,157,157,157,157,157
156,156,156,156,156,156,163,175,159,36,0,0,0,0,0,0,0,0,0,0,0,0,0,0,0,0,0,0,0,0,0,0,0,0,0,0,0,0,0,0,0,0,0,0,0,0,0,0,0,0,0,0,0,0,0,0,0,0,0,0,0,0,0,0,0,0,0,0,0,0,0,0,0,0,0,0,0,0,0,0,0,0,0,0,0,0,0,0,0,0,0,0,0,0,0,0,0,0,0,0,0,0,0,1,48,172,163,155,156,156,156,156,156,156
156,156,156,156,156,156,154,153,187,133,21,0,0,0,0,0,0,0,0,0,0,0,0,0,0,0,0,0,0,0,0,0,0,0,0,0,0,0,0,0,0,0,0,0,0,0,0,0,0,0,0,0,0,0,0,0,0,0,0,0,0,0,0,0,0,0,0,0,0,0,0,0,0,0,0,0,0,0,0,0,0,0,0,0,0,0,0,0,0,0,0,0,0,0,0,0,0,0,0,0,0,0,0,28,149,182,154,111,106,106,106,106,106,106
156,156,156,156,156,156,156,152,167,193,95,11,1,0,0,0,0,0,0,0,0,0,0,0,0,0,0,0,0,0,0,0,0,0,0,0,0,0,0,0,0,0,0,0,0,0,0,0,0,0,0,0,0,0,0,0,0,0,0,0,0,0,0,0,0,0,0,0,0,0,0,0,0,0,0,0,0,0,0,0,0,0,0,0,0,0,0,0,0,0,0,0,0,0,0,0,0,0,0,0,0,0,13,112,181,172,126,105,105,105,105,105,104,104
156,156,156,156,156,156,156,154,153,171,165,56,5,0,0,0,0,0,0,0,0,0,0,0,0,0,0,0,0,0,0,0,0,0,0,0,0,0,0,0,0,0,0,0,0,0,0,0,0,0,0,0,0,0,0,0,0,0,0,0,0,0,0,0,0,0,0,0,0,0,0,0,0,0,0,0,0,0,0,0,0,0,0,0,0,0,0,0,0,0,0,0,0,0,0,0,0,0,0,0,0,5,73,176,170,134,107,104,104,104,103,103,103,103
156,156,156,156,156,156,156,156,152,148,179,155,33,0,0,0,0,0,0,0,0,0,0,0,0,0,0,0,0,0,0,0,0,0,0,0,0,0,0,0,0,0,0,0,0,0,0,0,0,0,0,0,0,0,0,0,0,0,0,0,0,0,0,0,0,0,0,0,0,0,0,0,0,0,0,0,0,0,0,0,0,0,0,0,0,0,0,0,0,0,0,0,0,0,0,0,0,0,0,0,0,50,164,182,151,111,102,102,102,102,102,102,102,102
156,156,156,156,156,156,156,156,156,151,152,193,139,18,0,0,0,0,0,0,0,0,0,0,0,0,0,0,0,0,0,0,0,0,0,0,0,0,0,0,0,0,0,0,0,0,0,0,0,0,0,0,0,0,0,0,0,0,0,0,0,0,0,0,0,0,0,0,0,0,0,0,0,0,0,0,0,0,0,0,0,0,0,0,0,0,0,0,0,0,0,0,0,0,0,0,0,0,0,0,33,151,182,144,111,95,92,92,92,91,90,89,88,87
156,156,156,156,156,156,156,156,156,155,147,148,190,140,11,1,1,0,0,0,0,0,0,0,0,0,0,0,0,0,0,0,0,0,0,0,0,0,0,0,0,0,0,0,0,0,0,0,0,0,0,0,0,0,0,0,0,0,0,0,0,0,0,0,0,0,0,0,0,0,0,0,0,0,0,0,0,0,0,0,0,0,0,0,0,0,0,0,0,0,0,0,0,0,0,0,0,0,0,23,144,187,151,108,84,82,82,82,82,81,81,82,82,82
156,156,156,156,156,156,156,156,156,156,155,144,161,201,129,1,1,0,0,0,0,0,0,0,0,0,0,0,0,0,0,0,0,0,0,0,0,0,0,0,0,0,0,0,0,0,0,0,0,0,0,0,0,0,0,0,0,0,0,0,0,0,0,0,0,0,0,0,0,0,0,0,0,0,0,0,0,0,0,0,0,0,0,0,0,0,0,0,0,0,0,0,0,0,0,0,0,0,12,130,192,168,127,86,81,81,81,81,81,80,80,80,80,80
135,135,135,135,135,134,134,134,134,134,135,135,150,165,209,110,1,0,0,0,0,0,0,0,0,0,0,0,0,0,0,0,0,0,0,0,0,0,0,0,0,0,0,0,0,0,0,0,0,0,0,0,0,0,0,0,0,0,0,0,0,0,0,0,0,0,0,0,0,0,0,0,0,0,0,0,0,0,0,0,0,0,0,0,0,0,0,0,0,0,0,0,0,0,0,0,0,3,134,197,158,125,87,82,81,81,81,81,81,81,80,80,80,80
135,135,135,135,135,134,134,134,134,134,135,134,135,137,160,184,115,7,0,0,0,0,0,0,0,0,0,0,0,0,0,0,0,0,0,0,0,0,0,0,0,0,0,0,0,0,0,0,0,0,0,0,0,0,0,0,0,0,0,0,0,0,0,0,0,0,0,0,0,0,0,0,0,0,0,0,0,0,0,0,0,0,0,0,0,0,0,0,0,0,0,0,0,0,0,0,13,121,155,137,124,88,83,83,83,83,83,83,83,82,82,82,82,82
135,135,135,135,105,102,102,102,101,101,101,101,101,108,130,140,192,114,17,0,0,0,0,0,0,0,0,0,0,0,0,0,0,0,0,0,0,0,0,0,0,0,0,0,0,0,0,0,0,0,0,0,0,0,0,0,0,0,0,0,0,0,0,0,0,0,0,0,0,0,0,0,0,0,0,0,0,0,0,0,0,0,0,0,0,0,0,0,0,0,0,0,0,0,1,22,146,215,114,110,90,83,83,83,83,83,83,83,83,83,83,83,83,83
102,102,102,102,102,102,102,102,102,103,103,103,103,100,104,128,159,191,133,30,2,0,0,0,0,0,0,0,0,0,0,0,0,0,0,0,0,0,0,0,0,0,0,0,0,0,0,0,0,92,146,109,25,0,0,0,0,0,0,0,0,0,0,0,0,0,0,0,0,0,0,0,0,0,0,0,0,0,0,0,0,0,0,0,0,0,0,0,0,0,0,0,0,1,37,144,191,173,127,90,83,83,82,82,82,82,82,82,82,82,82,82,82,82
102,102,102,99,98,98,98,98,97,97,96,96,95,95,94,98,125,157,201,154,41,4,0,0,0,0,0,0,0,0,0,0,0,0,0,0,0,0,0,0,0,0,0,0,0,0,0,0,75,172,198,175,95,23,0,0,0,0,0,0,0,0,0,0,0,0,0,0,0,0,0,0,0,0,0,0,0,0,0,0,0,0,0,0,0,0,0,0,0,0,0,0,5,46,162,198,165,123,90,82,82,82,82,82,82,82,82,82,82,82,82,82,82,82
96,95,95,94,94,93,93,92,92,91,90,90,89,89,88,88,95,124,157,184,154,60,10,1,0,0,0,0,0,0,0,0,0,0,0,0,92,146,109,25,0,0,0,0,0,0,0,0,156,198,198,191,169,29,0,0,0,0,0,0,0,0,0,0,0,0,0,0,0,0,0,0,0,0,0,0,0,0,0,0,0,0,0,0,0,0,0,0,0,1,1,14,69,165,179,153,124,87,84,83,83,83,83,83,83,82,82,82,82,82,82,82,82,82
90,90,89,89,89,88,88,88,88,88,88,88,87,87,87,87,87,93,110,136,180,175,106,17,0,0,0,0,0,0,0,0,0,0,0,75,172,198,175,95,23,0,0,0,0,0,0,0,134,198,198,191,169,29,0,0,0,0,0,0,0,0,0,0,0,0,0,0,0,0,0,0,0,0,0,0,0,0,0,0,0,0,0,0,0,0,1,1,1,1,26,115,178,175,132,104,89,85,85,85,85,85,85,85,85,85,84,84,84,84,84,84,84,84
89,88,88,88,88,88,88,88,87,87,87,87,87,87,87,87,87,87,90,108,149,179,196,134,33,1,0,0,0,0,0,0,0,0,0,156,198,198,191,169,29,0,0,0,0,0,0,0,52,158,183,163,99,26,0,0,0,0,0,0,0,0,0,0,0,0,0,0,0,0,0,0,0,0,0,0,0,0,0,0,0,0,0,0,0,0,1,1,4,46,144,190,175,143,103,88,86,86,86,86,86,86,86,86,86,86,86,86,86,86,85,85,85,85
88,88,88,88,88,88,88,87,87,87,87,87,87,87,87,87,87,87,87,90,100,128,153,173,169,86,4,0,0,0,0,0,0,0,0,134,198,198,191,169,29,0,0,0,0,0,0,0,0,67,117,85,30,5,0,0,0,0,0,0,0,0,0,0,0,0,0,0,0,0,0,0,0,0,0,0,0,0,0,0,0,0,0,0,0,0,1,2,90,173,171,151,126,99,90,88,88,88,88,88,88,87,87,87,87,87,87,85,85,84,84,84,84,84
88,88,88,88,88,88,88,88,88,88,88,88,88,88,88,88,88,88,89,89,89,93,116,150,158,183,174,49,0,0,0,0,0,0,0,52,158,183,163,99,26,0,0,0,0,0,0,0,0,0,0,0,0,0,0,0,0,0,0,0,0,0,0,0,0,0,0,0,0,0,0,0,0,0,0,0,0,0,0,0,0,0,0,0,0,1,58,183,181,161,153,113,90,86,86,86,86,86,86,86,86,86,86,86,86,86,86,86,86,86,86,86,86,86
89,89,89,89,89,90,90,90,90,90,90,90,90,91,91,91,91,91,91,91,92,92,93,100,129,141,195,211,143,19,0,0,0,0,0,0,67,117,85,30,5,0,0,0,0,0,0,0,0,0,0,0,0,0,0,0,0,0,0,0,0,0,0,0,0,0,0,0,0,0,0,0,0,0,0,0,0,0,0,0,0,0,0,1,24,155,209,188,140,120,95,88,87,87,87,87,87,87,87,87,87,87,87,87,87,87,87,87,87,87,87,87,87,88
91,91,92,92,92,92,92,92,92,92,92,92,93,93,93,93,93,93,93,93,93,94,94,94,94,123,158,148,202,204,106,23,4,0,0,0,0,0,0,0,0,0,0,0,0,0,0,0,0,0,0,0,0,0,0,0,0,0,0,0,0,0,0,0,0,0,0,0,0,0,0,0,0,0,0,0,0,0,0,0,1,6,29,134,209,191,143,157,118,88,88,88,88,88,88,88,88,88,88,88,88,88,89,89,89,89,90,90,90,90,90,91,91,91
93,93,93,93,93,93,93,93,93,94,94,94,94,94,94,95,95,95,95,95,95,95,95,95,94,94,101,128,143,173,201,194,95,32,12,3,0,0,0,0,0,0,0,0,0,0,0,0,0,0,0,0,0,0,0,0,0,0,0,0,0,0,0,0,0,0,0,0,0,0,0,0,0,0,0,0,0,0,1,14,42,115,196,191,169,139,126,95,89,89,89,89,90,90,90,90,90,91,91,91,91,91,91,92,92,92,92,92,93,93,93,93,93,93
94,94,95,95,95,95,95,95,95,95,95,95,95,95,95,95,95,95,95,94,94,94,94,94,94,94,94,95,110,129,134,169,206,200,108,58,25,4,0,1,1,1,0,0,0,0,0,0,0,0,0,0,0,0,0,0,0,0,0,0,0,0,0,0,0,0,0,0,0,0,0,0,0,0,0,0,6,33,56,125,200,196,170,137,132,106,92,91,91,91,92,92,92,92,92,92,93,93,93,93,93,93,94,94,94,94,94,94,95,95,95,95,95,95
95,95,95,95,95,95,95,95,95,95,96,96,95,95,95,95,95,95,95,95,95,94,94,94,94,94,94,94,94,97,106,126,150,171,162,178,150,81,55,25,5,1,0,0,0,0,0,0,0,0,0,0,0,0,0,0,0,0,0,0,0,0,0,0,0,0,0,0,0,0,0,0,0,5,27,63,85,168,177,156,172,150,128,107,95,93,93,93,93,94,94,94,94,94,94,95,95,95,95,95,95,96,96,96,96,96,96,96,97,97,97,97,97,97
96,96,96,95,95,95,95,95,94,94,94,94,94,94,94,94,94,94,93,93,93,93,93,93,93,93,93,93,92,92,92,95,108,121,134,146,178,183,190,140,96,69,34,9,1,0,0,0,0,0,0,0,0,0,0,0,0,0,0,0,0,0,0,0,0,0,0,0,0,1,10,37,73,97,145,196,182,180,146,110,120,108,97,94,94,95,95,95,95,95,96,96,96,96,96,96,96,97,97,97,97,97,97,98,98,98,98,98,98,99,99,99,99,99
94,94,94,94,94,94,93,93,93,93,93,93,93,93,93,93,92,92,92,92,92,92,92,92,92,92,92,91,91,91,91,91,91,95,107,110,120,137,170,180,182,185,154,122,108,61,50,11,1,1,0,0,0,0,0,0,0,0,0,0,0,0,0,0,1,1,13,54,68,109,124,156,185,185,182,161,136,122,113,102,99,96,96,96,96,96,96,97,97,97,97,97,97,98,98,98,98,98,98,99,99,99,99,99,99,99,100,100,100,100,100,100,101,101
