Armor,Mass,Reverse_Engineering_Level,named_component,Reactor_Energy_Drain,Min_Damage,Max_Damage,Vs_Shields,Vs_Armor,Energy_Per_Shot,Refire_Rate
614.0,32334.7,8,MANDALMOTORS HEAVY ANNIHILATOR ,2059.2,2228.7,3010.0,0.617,0.613,37.4,0.426
541.5,42752.8,9,KOENSAYR ION-ACCELERATOR ADVANCED CANNON ,2721.9,1909.8,3199.8,0.602,0.384,29.6,0.333
411.2,12225.3,6,KOENSAYR ION-ACCELERATOR 3 CANNON ,1716.9,1340.9,2051.0,0.594,0.63,30.5,0.433
725.8,50935.2,10,MANDALMOTORS ELITE ANNIHILATOR ,2385.9,2337.2,4234.5,0.54,0.603,29.9,0.409
532.5,51361.6,9,BORSTEL RG9 LASER CANNON ,2537.8,2058.9,3023.2,0.5,0.488,29.4,0.341
235.3,4858.7,4,HOERSCH-KESSEL SCORCHER CANNON ,2286.0,759.6,1102.9,0.618,0.62,27.6,0.414
90.6,1655.4,2,SUBPRO IMPROVED LIGHT ION CANNON ,2003.2,364.7,468.5,0.912,0.384,25.3,0.433
73.4,1111.7,1,SLAYN & KORPIL LIGHT ION CANNON ,2150.1,279.8,410.0,0.706,0.306,22.4,0.346
72.8,979.0,1,SLAYN & KORPIL LIGHT ION CANNON ,2338.8,319.1,351.8,0.732,0.307,18.7,0.357
90.7,1513.8,2,INCOM STARSHIP BLASTER ,1579.4,325.9,449.0,0.627,0.607,22.7,0.444
215.1,4864.2,4,AIM & BAK IX4 LASER CANNON ,2187.9,761.7,980.4,0.597,0.66,29.1,0.407
94.5,1754.9,2,KOENSAYR TUNED LIGHT DISRUPTOR ,2129.3,354.6,470.6,0.39,0.835,21.0,0.405
189.4,3972.7,4,KOENSAYR DELUXE ION-ACCELERATOR CANNON ,2110.7,753.3,972.0,0.6509999999999999,0.645,26.8,0.4320000000000001
92.9,1895.7,2,KOENSAYR TUNED LIGHT DISRUPTOR ,2220.3,337.1,426.5,0.366,0.852,25.7,0.415
747.2,63223.1,10,MANDALMOTORS ELITE ANNIHILATOR ,2384.7,2429.6,3757.9,0.568,0.5670000000000001,44.3,0.403
250.0,4856.6,4,INCOM 8 BLASTERS ,2358.2,821.9,1126.7,0.611,0.625,24.9,0.423
690.4,57032.2,10,CORELLIAN AG-2G QUAD LASER CANNON ,1854.4,2275.9,3223.3,0.633,0.623,37.2,0.419
695.1,48505.7,10,CORELLIAN AG-2G QUAD LASER CANNON ,2462.3,2121.7,3692.5,0.624,0.632,40.0,0.421
534.3,46260.6,9,KOENSAYR ION-ACCELERATOR ADVANCED CANNON ,2623.5,1764.5,3084.1,0.622,0.421,33.3,0.341
700.5,58695.5,10,INCOM ELITE QUAD BLASTER ,2614.1,2322.5,3862.5,0.606,0.639,33.3,0.43
479.4,17390.2,7,MANDALMOTORS ANNIHILATOR MK2 ,2132.7,1665.5,2653.0,0.498,0.512,26.4,0.331
780.6,69096.5,10,GYRHIL R-9X LASER CANNON ,2308.6,2344.6,3947.5,0.6559999999999999,0.6409999999999999,39.4,0.416
607.2,36324.0,8,GYRHIL 72 TWIN AUTO-BLASTERS ,2542.5,1974.2,2970.1,0.635,0.618,36.4,0.414
671.8,53389.1,10,CORELLIAN AG-2G QUAD LASER CANNON ,2387.3,2343.7,3403.2,0.598,0.619,40.3,0.419
73.7,967.8,1,KOENSAYR LIGHT DISRUPTOR ,1884.5,244.5,352.0,0.312,0.693,21.6,0.341
94.0,1665.4,2,SUBPRO IMPROVED LIGHT ION CANNON ,1891.7,315.5,473.4,0.8759999999999999,0.371,25.3,0.411
74.7,927.8,1,SUBPRO LIGHT ION CANNON ,1989.2,270.9,380.8,0.721,0.28,23.2,0.356
92.0,1654.3,2,KOENSAYR TUNED LIGHT DISRUPTOR ,1968.3,385.0,481.7,0.363,0.893,27.1,0.418
92.6,1700.4,2,SUBPRO IMPROVED LIGHT ION CANNON ,1862.0,340.4,435.2,0.892,0.376,25.5,0.4270000000000001
73.5,1035.5,1,KOENSAYR LIGHT DISRUPTOR ,1598.3,267.6,348.4,0.298,0.698,21.3,0.342
76.5,964.3,1,KOENSAYR LIGHT DISRUPTOR ,1910.2,246.9,347.4,0.304,0.6890000000000001,20.7,0.331
266.0,5481.4,4,INCOM 8 BLASTERS ,1735.4,831.6,1073.8,0.609,0.63,29.3,0.436
207.9,4464.5,4,SUBPRO TRIPLE BLASTER ADVANCED FLASH CANNON ,1885.1,830.2,1027.7,0.622,0.62,28.9,0.4270000000000001
94.1,1867.7,2,SUBPRO IMPROVED LIGHT ION CANNON ,1897.8,354.0,473.9,0.918,0.368,24.7,0.401
183.7,4773.8,4,KOENSAYR DELUXE ION-ACCELERATOR CANNON ,2296.1,781.9,1046.7,0.639,0.634,30.6,0.436
528.5,43106.8,9,BORSTEL RG9 LASER CANNON ,2073.3,2008.3,3394.4,0.507,0.513,32.4,0.339
170.1,2596.9,3,SLAYN & KORPIL ION CANNON ,2150.8,533.9,796.7,0.693,0.294,26.3,0.348
73.1,960.5,1,SLAYN & KORPIL LIGHT ION CANNON ,2230.1,276.7,402.8,0.705,0.315,22.5,0.332
72.6,916.6,1,KOENSAYR LIGHT DISRUPTOR ,1856.8,295.4,340.6,0.307,0.69,22.2,0.327
73.5,969.2,1,SLAYN & KORPIL LIGHT ION CANNON ,1812.6,304.9,419.1,0.716,0.302,21.0,0.351
91.2,1712.6,2,MON CALAMARI LIGHT BLASTER ,1881.7,372.8,455.5,0.616,0.633,24.0,0.426
167.0,2752.6,3,FREITEK INC. CANNONEER MK1 ,2213.2,591.8,911.4,0.48,0.4970000000000001,24.2,0.3229999999999999
171.7,2514.4,3,SLAYN & KORPIL ION CANNON ,2115.8,619.2,939.7,0.6809999999999999,0.288,23.4,0.338
92.5,1560.2,2,SLAYN & KORPIL DELUXE LIGHT ION CANNON ,2014.7,356.1,461.5,0.872,0.383,28.9,0.418
210.3,5454.1,4,AIM & BAK IX4 LASER CANNON ,1911.5,814.3,1095.0,0.613,0.61,26.4,0.414
395.5,14090.1,6,HOERSCH-KESSEL SCORCHER 3 ,2528.4,1693.5,2721.2,0.635,0.614,33.9,0.414
93.1,2037.5,2,SLAYN & KORPIL DELUXE LIGHT ION CANNON ,1946.0,385.3,489.8,0.894,0.3670000000000001,26.6,0.418
242.8,4520.7,4,HOERSCH-KESSEL SCORCHER CANNON ,2314.6,705.5,1112.5,0.627,0.64,30.3,0.4270000000000001
102.7,1859.1,2,INCOM SHREDDER CANNON ,2122.0,367.0,436.9,0.631,0.615,26.6,0.409
211.4,4324.6,4,AIM & BAK IX4 LASER CANNON ,2236.7,750.2,1058.6,0.618,0.652,27.2,0.414
176.3,2778.2,3,SLAYN & KORPIL ION CANNON ,1970.2,624.3,856.0,0.685,0.308,23.8,0.334
396.6,13798.5,6,HOERSCH-KESSEL SCORCHER 3 ,1992.8,1760.4,2522.9,0.606,0.61,37.0,0.4370000000000001
549.8,49767.7,9,KOENSAYR ION-ACCELERATOR ADVANCED CANNON ,2367.6,2029.1,3424.0,0.61,0.416,30.0,0.355
588.2,25848.8,8,GYRHIL 72 TWIN AUTO-BLASTERS ,2547.7,1930.5,2909.5,0.649,0.619,33.4,0.43
314.5,6516.5,5,HOERSCH-KESSEL SCORCHER 2 ,2150.8,955.5,1592.7,0.507,0.522,24.5,0.337
484.2,48326.6,9,ARMEK ADVANCED ,2301.9,1825.0,3386.8,0.596,0.452,29.9,0.34
536.0,36278.0,9,INCOM HEAVY QUAD BLASTER ,2651.6,1998.3,3089.9,0.484,0.501,30.3,0.339
311.9,6447.9,5,SUBPRO ADVANCED CANNON ,1975.4,1092.1,1601.5,0.502,0.511,25.5,0.343
306.6,6316.4,5,KOENSAYR ION-ACCELERATOR 2 CANNON ,2285.9,1015.3,1551.2,0.6409999999999999,0.347,25.1,0.344
208.0,4780.8,4,SUBPRO MODIFIED TRI-CANNON ,2290.1,735.8,1180.2,0.613,0.617,29.1,0.412
315.8,7494.5,5,HOERSCH-KESSEL SCORCHER 2 ,2162.0,1112.4,1463.1,0.489,0.505,22.3,0.335
435.7,22900.3,7,HOERSCH-KESSEL SCORCHER HEAVY ,2548.6,1659.0,2455.6,0.5760000000000001,0.591,29.5,0.415
217.3,5107.1,4,SUBPRO MODIFIED TRI-CANNON ,1803.5,781.0,1116.8,0.599,0.63,27.1,0.417
94.2,1419.8,2,INCOM STARSHIP BLASTER ,1659.4,333.6,477.9,0.624,0.622,20.8,0.439
469.1,18554.8,7,ARMEK SW-8 ION CANNON ,2076.2,1393.7,2419.3,0.51,0.499,29.1,0.336
93.0,1670.6,2,MON CALAMARI LIGHT BLASTER ,1867.7,378.9,485.3,0.62,0.603,28.6,0.423
569.1,32474.6,8,MANDALMOTORS HEAVY ANNIHILATOR ,2300.5,2070.9,3300.6,0.625,0.619,35.0,0.44
680.1,60062.1,10,AIM & BAK ELITE BLASTER ,2347.6,2296.4,3664.6,0.624,0.637,41.1,0.433
492.2,18472.1,7,MANDALMOTORS ANNIHILATOR MK2 ,2270.8,1709.4,2212.0,0.495,0.501,23.8,0.331
550.2,42992.0,9,KOENSAYR ION-ACCELERATOR ADVANCED CANNON ,2400.9,2212.8,2816.9,0.607,0.406,29.4,0.354
410.6,11727.8,6,HOERSCH-KESSEL SCORCHER 3 ,1999.3,1752.6,2618.6,0.5920000000000001,0.626,32.5,0.424
416.0,14715.6,7,AIM & BAK KX8 LASER CANNON ,2525.0,1674.3,2371.6,0.584,0.443,26.6,0.346
457.0,17727.8,7,ARMEK SW-8 ION CANNON ,2195.6,1331.4,2200.5,0.526,0.5,23.9,0.336
688.6,53548.8,10,INCOM ELITE QUAD BLASTER ,2512.9,2289.5,3987.4,0.6409999999999999,0.625,44.9,0.408
546.6,47612.9,9,INCOM DUAL-CORE FLASHCANNON ,2476.3,1979.8,3027.2,0.5,0.526,29.6,0.333
490.9,38425.1,9,ARMEK ADVANCED ,2241.2,1881.9,3336.2,0.574,0.444,27.0,0.333
449.1,15523.7,7,ARMEK SW-8 ION CANNON ,2255.7,1392.5,2290.5,0.529,0.475,28.4,0.31
543.7,44208.6,9,KOENSAYR ION-ACCELERATOR ADVANCED CANNON ,2903.0,2045.6,3668.2,0.604,0.402,31.5,0.341
594.4,32443.9,8,AIM & BAK HT-12 HEAVY LASER CANNON ,2000.8,2022.7,2929.1,0.634,0.632,35.4,0.431
617.6,49769.4,10,ARMEK ELITE ION CANNON ,2531.2,2401.9,4115.8,0.7340000000000001,0.552,37.5,0.404
722.0,54317.1,10,INCOM ELITE QUAD BLASTER ,2355.9,2446.3,4184.8,0.638,0.609,41.4,0.4370000000000001
583.2,28888.9,8,GYRHIL 72 TWIN AUTO-BLASTERS ,2435.2,1950.0,3156.0,0.6459999999999999,0.63,30.5,0.418
389.0,12469.0,6,MANDALMOTORS ANNILHATOR MK1 ,1943.4,1287.7,1885.5,0.639,0.604,28.0,0.419
626.0,44895.0,10,ARMEK ELITE ION CANNON ,1910.1,2570.1,3607.8,0.7509999999999999,0.5720000000000001,34.7,0.416
487.7,19209.0,7,SUBPRO TRIPLEBLASTER MARK3 ,2239.1,1578.1,2522.2,0.516,0.48,23.1,0.344
385.9,10344.4,6,MANDALMOTORS ANNILHATOR MK1 ,2410.1,1456.8,1919.0,0.607,0.597,31.2,0.44
361.3,9841.7,6,INCOM ADVANCED BLASTER ,2278.9,1443.0,1951.5,0.611,0.596,27.6,0.421
667.0,59394.2,10,AIM & BAK ELITE BLASTER ,2434.2,2334.2,3426.6,0.609,0.611,35.0,0.423
588.8,32639.9,8,AIM & BAK HT-12 HEAVY LASER CANNON ,2442.1,2000.0,2894.6,0.636,0.627,33.9,0.415
598.5,33569.5,8,GYRHIL 72 TWIN AUTO-BLASTERS ,2376.1,1920.1,3255.7,0.654,0.618,33.4,0.426
315.8,7609.9,5,ARMEK SW-4 ION CANNON ,2337.3,1076.8,1647.7,0.517,0.518,27.0,0.338
387.2,11631.1,6,MANDALMOTORS ANNILHATOR MK1 ,2350.3,1317.9,1999.3,0.615,0.621,28.3,0.422
212.6,4590.3,4,SUBPRO MODIFIED TRI-CANNON ,2200.2,754.1,1079.7,0.612,0.6559999999999999,31.6,0.425
395.0,15481.9,6,HOERSCH-KESSEL SCORCHER 3 ,2343.5,1743.8,2458.9,0.621,0.637,43.1,0.436
596.0,33150.1,8,MANDALMOTORS HEAVY ANNIHILATOR ,2074.0,2288.4,2965.0,0.63,0.617,36.8,0.431
615.0,31873.3,8,HOERSCH-KESSEL SCORCHER ADVANCED ,2301.2,2105.7,2966.3,0.6609999999999999,0.61,34.0,0.419
319.7,5660.6,5,KOENSAYR ION-ACCELERATOR 2 CANNON ,2235.5,978.3,1506.6,0.632,0.358,23.3,0.339
527.9,41811.6,9,ARMEK ADVANCED ,2279.2,1940.8,3323.1,0.621,0.447,27.3,0.3229999999999999
175.1,2484.0,3,FREITEK INC. CANNONEER MK1 ,2071.0,710.9,820.2,0.469,0.529,19.0,0.344
492.4,42809.6,9,ARMEK ADVANCED ,2386.1,2025.7,3572.4,0.608,0.457,23.4,0.327
696.4,55748.6,10,AIM & BAK ELITE BLASTER ,2421.7,2438.7,3805.7,0.62,0.6409999999999999,40.6,0.433
194.7,4353.5,4,KOENSAYR DELUXE ION-ACCELERATOR CANNON ,2120.5,702.6,1123.8,0.603,0.642,26.6,0.41
179.1,2853.0,3,FREITEK INC. CANNONEER MK1 ,2077.6,637.2,847.6,0.513,0.525,21.2,0.325
533.6,55463.5,9,HOERSCH-KESSEL SCORCHER ELITE ,2358.9,1832.8,3461.1,0.585,0.579,34.5,0.401
536.1,47404.0,9,BORSTEL RG9 LASER CANNON ,2510.7,2058.4,3601.7,0.486,0.483,27.2,0.338
289.3,6318.4,5,INCOM 13 BLASTERS ,2211.1,1021.2,1633.4,0.495,0.482,21.4,0.357
260.4,4640.8,4,INCOM 8 BLASTERS ,2364.6,727.0,983.9,0.652,0.606,24.4,0.415
528.4,47133.9,9,AIM & BAK KX9 LASER CANNON ,2424.7,1939.6,3013.1,0.516,0.509,31.5,0.3229999999999999
470.2,19486.5,7,MANDALMOTORS ANNIHILATOR MK2 ,2204.5,1498.1,2523.0,0.498,0.509,23.5,0.335
239.4,5043.8,4,HOERSCH-KESSEL SCORCHER CANNON ,2180.4,845.0,1129.7,0.66,0.607,23.0,0.415
757.3,58235.4,10,GYRHIL R-9X LASER CANNON ,2117.5,2596.7,4441.7,0.635,0.625,40.2,0.426
653.3,55444.5,10,ARMEK ELITE ION CANNON ,1993.0,2315.2,3947.4,0.762,0.551,35.2,0.428
542.6,42637.7,9,BORSTEL RG9 LASER CANNON ,2389.7,2046.7,3400.1,0.4970000000000001,0.501,31.2,0.321
321.3,6552.0,5,KOENSAYR ION-ACCELERATOR 2 CANNON ,1889.5,1069.7,1543.2,0.66,0.35,23.0,0.349
305.5,5946.2,5,KOENSAYR ION-ACCELERATOR 2 CANNON ,2323.4,1120.2,1594.5,0.6579999999999999,0.35,19.5,0.315
94.1,1730.0,2,SUBPRO IMPROVED LIGHT ION CANNON ,1839.0,386.5,458.9,0.851,0.383,24.4,0.44
773.7,57201.9,10,GYRHIL R-9X LASER CANNON ,2688.5,2324.6,3820.1,0.624,0.634,33.6,0.418
191.3,4495.0,4,KOENSAYR DELUXE ION-ACCELERATOR CANNON ,1980.0,777.1,1112.0,0.645,0.652,27.7,0.428
409.5,14815.4,6,HOERSCH-KESSEL SCORCHER 3 ,1888.0,1594.6,2385.1,0.616,0.623,31.7,0.449
318.6,6563.3,5,ARMEK SW-4 ION CANNON ,2495.7,1158.6,1499.7,0.4970000000000001,0.508,23.8,0.348
87.0,1833.1,2,INCOM STARSHIP BLASTER ,1613.6,317.9,457.4,0.605,0.623,23.1,0.424
572.8,28413.0,8,AIM & BAK HT-12 HEAVY LASER CANNON ,2317.1,1872.0,3051.4,0.622,0.637,36.7,0.4270000000000001
210.9,4057.6,4,SUBPRO MODIFIED TRI-CANNON ,2116.0,770.3,1049.9,0.603,0.628,27.3,0.412
196.2,4180.7,4,KOENSAYR DELUXE ION-ACCELERATOR CANNON ,1918.5,728.6,1102.6,0.62,0.62,30.6,0.44
66.4,964.8,1,INCOM LIGHT BLASTER ,2195.1,298.7,406.3,0.499,0.487,19.7,0.332
93.7,1984.9,2,SLAYN & KORPIL DELUXE LIGHT ION CANNON ,1950.6,334.9,458.5,0.879,0.3720000000000001,27.0,0.42
576.8,30919.7,8,GYRHIL 72 TWIN AUTO-BLASTERS ,2117.1,1774.9,3368.2,0.601,0.632,32.5,0.425
68.9,930.6,1,INCOM LIGHT BLASTER ,1840.5,318.9,391.4,0.503,0.499,21.5,0.342
392.1,11431.2,6,ARMEK SW-6 ION CANNON ,2087.9,1333.4,1896.8,0.629,0.629,31.2,0.434
363.1,10212.2,6,INCOM ADVANCED BLASTER ,2187.3,1405.7,2029.0,0.611,0.624,30.2,0.447
75.2,862.3,1,SUBPRO LIGHT ION CANNON ,1916.6,296.3,403.3,0.718,0.305,21.5,0.335
544.7,45074.7,9,INCOM HEAVY QUAD BLASTER ,2332.6,1919.7,3054.1,0.498,0.516,29.8,0.329
99.2,1672.9,2,KOENSAYR TUNED LIGHT DISRUPTOR ,2343.8,386.3,508.6,0.383,0.835,26.6,0.436
324.9,6658.3,5,ARMEK SW-4 ION CANNON ,2501.3,1060.5,1673.6,0.496,0.511,28.4,0.328
92.6,1708.6,2,INCOM STARSHIP BLASTER ,1716.7,315.2,445.6,0.62,0.628,29.6,0.44
523.0,28830.1,8,ARMEK SW-7A ION CANNON ,2084.2,2050.1,3119.2,0.605,0.604,36.7,0.436
74.2,1088.8,1,SLAYN & KORPIL LIGHT ION CANNON ,2022.4,298.5,405.4,0.6990000000000001,0.288,20.5,0.346
312.0,7318.1,5,HOERSCH-KESSEL SCORCHER 2 ,2295.1,1096.7,1662.0,0.507,0.522,24.0,0.338
583.8,31757.3,8,SUBPRO/INCOM QUAD BLASTER ,2372.5,1877.9,3433.8,0.625,0.633,33.6,0.415
584.6,33843.5,8,GYRHIL 72 TWIN AUTO-BLASTERS ,2238.2,2008.7,2814.5,0.613,0.64,33.8,0.417
98.2,1938.2,2,SLAYN & KORPIL DELUXE LIGHT ION CANNON ,2279.1,372.3,484.0,0.882,0.36,25.2,0.429
209.2,4011.0,4,SUBPRO MODIFIED TRI-CANNON ,1941.6,769.7,1049.9,0.609,0.598,27.7,0.4039999999999999
360.9,14539.8,6,INCOM ADVANCED BLASTER ,1835.8,1338.0,1780.5,0.65,0.636,31.5,0.421
384.7,13370.3,6,AIM & BAK KX5 LASER CANNON ,2079.9,1368.6,1939.3,0.594,0.62,32.3,0.439
226.6,4730.9,4,SUBPRO MODIFIED TRI-CANNON ,1985.7,736.5,975.8,0.617,0.6459999999999999,29.0,0.44
324.9,6658.3,5,ARMEK SW-4 ION CANNON ,2501.3,1060.5,1673.6,0.496,0.511,28.4,0.3279999999999999
333.7,7183.9,5,KOENSAYR ION-ACCELERATOR 2 CANNON ,2710.7,1151.1,1655.9,0.6559999999999999,0.348,26.2,0.352
174.6,2397.6,3,MANDALMOTORS QV-3 DISRUPTOR ,2080.1,538.8,807.8,0.3929999999999999,0.603,22.7,0.3379999999999999
540.1,46372.4,9,MANDALMOTORS ADVANCED ANNIHILATOR ,2535.8,2168.3,2838.7,0.57,0.536,28.0,0.362
453.4,19933.7,7,ARMEK SW-8 ION CANNON ,2295.5,1286.0,2177.8,0.508,0.502,24.2,0.349
539.6,41837.9,9,MANDALMOTORS ADVANCED ANNIHILATOR ,2179.2,1916.6,2928.1,0.5670000000000001,0.53,29.4,0.3389999999999999
569.9,45787.6,9,HOERSCH-KESSEL SCORCHER ELITE ,2441.7,1883.7,2822.4,0.602,0.604,30.2,0.414
551.6,50894.9,9,KOENSAYR ION-ACCELERATOR ADVANCED CANNON ,2592.0,2179.9,3399.4,0.618,0.3939999999999999,31.7,0.331
171.9,2657.8,3,KOENSAYR ION-ACCELERATOR CANNON ,2061.9,678.6,840.0,0.485,0.501,22.6,0.321
526.0,28259.1,8,ARMEK SW-7A ION CANNON ,2508.7,2218.4,3266.0,0.6609999999999999,0.6459999999999999,35.2,0.428
570.1,47082.6,9,KOENSAYR ION-ACCELERATOR ADVANCED CANNON ,2543.2,2133.3,3328.3,0.598,0.392,27.6,0.327
505.4,42982.4,9,RENDILI PROTOTYPE X DISRUPTOR ,2254.0,1877.4,3449.6,0.596,0.465,28.1,0.348
557.1,45121.4,9,KOENSAYR ION-ACCELERATOR ADVANCED CANNON ,2447.8,1983.7,3209.7,0.595,0.42,31.1,0.35
511.1,31028.3,8,ARMEK SW-7A ION CANNON ,2078.2,2012.1,3223.6,0.608,0.652,28.4,0.425
696.7,61244.2,10,CORELLIAN AG-2G QUAD LASER CANNON ,1866.3,2124.6,3950.1,0.64,0.624,34.5,0.421
606.6,52155.8,10,HOERSCH RAILGUN ,2448.7,2585.6,4011.9,0.561,0.731,40.4,0.438
615.7,46455.4,10,HOERSCH RAILGUN ,2004.1,2573.9,4181.3,0.537,0.7559999999999999,33.3,0.4370000000000001
679.8,60428.0,10,INCOM TRANDOSHAN SPECIAL REPEATER CANNON ,2360.9,2269.8,3128.2,0.633,0.626,35.8,0.4370000000000001
416.7,17508.5,7,RENDILI FG1-A BLASTER ,2336.0,1683.3,2334.7,0.609,0.444,26.1,0.332
545.0,28612.9,8,ARMEK SW-7A ION CANNON ,1883.7,1959.2,3345.5,0.623,0.624,29.5,0.45
498.9,45577.2,9,RENDILI PROTOTYPE X DISRUPTOR ,2379.1,2115.3,3125.0,0.653,0.443,27.9,0.336
601.3,48148.9,10,ARMEK ELITE ION CANNON ,2014.8,2321.3,3974.4,0.735,0.59,37.6,0.422
623.3,59689.2,10,ARMEK ELITE ION CANNON ,2030.2,2483.9,3965.5,0.715,0.561,33.9,0.412
616.4,24279.8,8,HOERSCH-KESSEL SCORCHER ADVANCED ,2368.9,1863.4,3051.7,0.636,0.639,38.4,0.42
493.2,46457.5,9,RENDILI PROTOTYPE X DISRUPTOR ,2354.2,2072.4,3200.8,0.612,0.448,28.4,0.332
564.3,45966.3,9,AIM & BAK KX9 LASER CANNON ,2544.9,1908.3,3400.9,0.512,0.482,29.0,0.354
736.1,60625.4,10,GYRHIL R-9X LASER CANNON ,2275.0,2454.4,3378.3,0.619,0.637,39.4,0.422
389.7,11368.8,6,SIENAR FLEET SYSTEMS IMPERIAL BLASTER 4 ,1916.1,1122.9,2012.4,0.635,0.639,35.8,0.415
470.7,21433.5,7,HOERSCH-KESSEL SCORCHER HEAVY ,2157.1,1713.0,2412.4,0.599,0.595,31.0,0.402
641.2,49171.4,10,ARMEK ELITE ION CANNON ,2326.7,2219.4,3957.8,0.742,0.5579999999999999,38.8,0.4370000000000001
207.4,4794.0,4,SUBPRO TRIPLE BLASTER ADVANCED FLASH CANNON ,1950.3,771.9,1174.5,0.622,0.61,28.2,0.4270000000000001
168.0,2661.4,3,INCOM LONG-RANGE DISRUPTOR ,2248.8,625.8,852.4,0.314,0.7040000000000001,24.3,0.349
390.2,10992.9,6,ARMEK SW-6 ION CANNON ,1881.4,1315.7,2016.2,0.609,0.6459999999999999,29.6,0.4039999999999999
325.3,7614.5,5,MANDALMOTORS QV-5 DISRUPTOR ,2831.5,1219.9,1541.0,0.364,0.63,28.1,0.3429999999999999
647.0,43465.7,10,ARMEK ELITE ION CANNON ,2296.1,2517.5,3752.9,0.733,0.556,38.5,0.4320000000000001
606.1,53597.7,10,HOERSCH RAILGUN ,2261.2,2336.6,3723.7,0.55,0.737,35.8,0.413
550.7,47719.2,9,KOENSAYR ION-ACCELERATOR ADVANCED CANNON ,2446.4,2048.7,3241.0,0.597,0.411,31.6,0.347
641.6,50269.2,10,ARMEK ELITE ION CANNON ,2051.2,2562.4,3995.1,0.732,0.557,36.3,0.419
424.1,17182.6,7,AIM & BAK KX8 LASER CANNON ,2480.3,1580.0,2345.0,0.5579999999999999,0.45,26.7,0.341
545.8,52275.7,9,KOENSAYR ION-ACCELERATOR ADVANCED CANNON ,2278.9,2033.3,3094.1,0.5760000000000001,0.391,24.3,0.35
485.5,17845.5,7,RENDILI SC8 DISRUPTOR ,2447.7,1687.4,2542.5,0.581,0.398,24.1,0.333
557.2,30909.9,8,CYGNUS ERADICATOR 1 DISRUPTOR ,2311.1,2011.4,2851.1,0.613,0.643,32.3,0.414
538.5,28524.4,8,ARMEK SW-7A ION CANNON ,2222.6,1896.5,3163.5,0.654,0.629,33.1,0.434
631.3,48144.4,10,HOERSCH RAILGUN ,2241.4,2346.7,4085.4,0.565,0.769,32.4,0.426
608.3,32251.1,8,CYGNUS ERADICATOR 1 DISRUPTOR ,2467.6,1926.1,3055.9,0.613,0.6509999999999999,31.9,0.429
489.7,49898.7,9,RENDILI PROTOTYPE X DISRUPTOR ,2337.4,1866.4,3393.5,0.594,0.447,28.9,0.34
507.6,41465.4,9,ARMEK ADVANCED ,2159.8,1813.6,2926.5,0.628,0.439,27.3,0.3329999999999999
593.0,28487.5,8,CYGNUS ERADICATOR 1 DISRUPTOR ,2652.0,2151.0,3346.7,0.63,0.624,35.3,0.42
553.6,43146.4,9,KOENSAYR ION-ACCELERATOR ADVANCED CANNON ,2477.9,1966.5,3187.7,0.597,0.3979999999999999,27.5,0.353
592.7,28232.9,8,CYGNUS ERADICATOR 1 DISRUPTOR ,2207.3,2181.5,3362.5,0.632,0.6559999999999999,26.0,0.422
580.3,26405.5,8,CYGNUS ERADICATOR 1 DISRUPTOR ,2627.3,2010.0,3070.6,0.625,0.622,39.5,0.428
462.7,18871.7,7,MANDALMOTORS ANNIHILATOR MK2 ,2490.9,1630.3,2435.0,0.494,0.495,27.2,0.335
576.4,53430.5,9,KOENSAYR ION-ACCELERATOR ADVANCED CANNON ,2540.7,2019.2,3382.4,0.617,0.398,26.7,0.329
499.9,43804.1,9,RENDILI PROTOTYPE X DISRUPTOR ,2679.2,2059.8,3176.8,0.612,0.456,30.4,0.34
616.5,50590.1,10,ARMEK ELITE ION CANNON ,2405.0,2605.7,4596.6,0.7829999999999999,0.603,36.2,0.442
530.1,41639.1,9,RIIZ COMBINE SLAMMER CANNON ,2596.0,2093.7,3436.6,0.487,0.49,26.9,0.3279999999999999
579.1,33009.3,8,CYGNUS ERADICATOR 1 DISRUPTOR ,2577.6,2067.9,3189.6,0.636,0.636,28.6,0.4320000000000001
530.1,30228.6,8,ARMEK SW-7A ION CANNON ,2260.2,1929.0,3472.6,0.64,0.612,34.4,0.412
603.6,51643.3,10,ARMEK ELITE ION CANNON ,2538.5,2437.8,4150.2,0.746,0.564,40.8,0.415
537.9,32995.6,8,ARMEK SW-7A ION CANNON ,2667.7,1955.3,2965.7,0.585,0.617,36.0,0.415
489.1,46423.1,9,RENDILI PROTOTYPE X DISRUPTOR ,2914.7,1888.5,3631.4,0.603,0.46,29.0,0.348
546.8,48715.5,9,KOENSAYR ION-ACCELERATOR ADVANCED CANNON ,2638.1,2044.5,3130.6,0.563,0.404,26.4,0.34
653.0,46309.3,10,HOERSCH RAILGUN ,2105.0,2424.2,4317.2,0.5579999999999999,0.755,34.8,0.436
566.4,26196.4,8,CYGNUS ERADICATOR 1 DISRUPTOR ,2762.7,2111.6,3229.8,0.6509999999999999,0.602,33.7,0.42
421.9,17012.5,7,RENDILI FG1-A BLASTER ,1919.6,1373.2,2371.0,0.5920000000000001,0.457,30.0,0.351
629.2,53375.4,10,HOERSCH RAILGUN ,2455.6,2336.8,3923.1,0.5589999999999999,0.723,45.0,0.424
615.6,43435.6,10,HOERSCH RAILGUN ,2370.6,2337.4,3978.9,0.561,0.7140000000000001,41.8,0.431
539.4,46974.5,9,KOENSAYR ION-ACCELERATOR ADVANCED CANNON ,2943.2,2180.8,3319.1,0.584,0.401,25.1,0.347
550.4,27789.7,8,ARMEK SW-7A ION CANNON ,2016.0,1969.1,3112.7,0.613,0.618,26.5,0.414
557.3,42870.0,9,KOENSAYR ION-ACCELERATOR ADVANCED CANNON ,2199.6,2160.4,3056.8,0.605,0.42,33.7,0.354
523.8,50245.5,9,KOENSAYR ION-ACCELERATOR ADVANCED CANNON ,2285.3,2063.1,3552.7,0.5920000000000001,0.411,33.1,0.336
477.5,18505.4,7,MANDALMOTORS ANNIHILATOR MK2 ,2371.4,1593.5,2467.0,0.505,0.523,29.9,0.36
645.1,59747.4,10,HOERSCH RAILGUN ,2350.4,2315.9,4075.1,0.574,0.738,42.2,0.428
593.7,34827.8,8,CYGNUS ERADICATOR 1 DISRUPTOR ,2488.2,2151.1,3205.7,0.6459999999999999,0.622,33.6,0.426
562.5,44999.7,9,KOENSAYR ION-ACCELERATOR ADVANCED CANNON ,2499.7,1985.0,3687.6,0.588,0.389,32.5,0.325
496.4,39228.3,9,RENDILI PROTOTYPE X DISRUPTOR ,2144.4,1880.3,3272.8,0.58,0.449,33.2,0.3429999999999999
550.0,46257.2,9,KOENSAYR ION-ACCELERATOR ADVANCED CANNON ,2860.1,2081.7,3622.1,0.5870000000000001,0.396,28.9,0.335
616.0,31063.9,8,CYGNUS ERADICATOR 1 DISRUPTOR ,2712.7,2002.2,3044.9,0.605,0.628,33.8,0.435
501.2,42278.3,9,RENDILI PROTOTYPE X DISRUPTOR ,2309.0,1949.7,3012.7,0.61,0.465,32.0,0.337
492.8,39596.2,9,RENDILI PROTOTYPE X DISRUPTOR ,2466.1,2086.7,3422.1,0.5770000000000001,0.455,32.8,0.34
534.1,29522.5,8,ARMEK SW-7A ION CANNON ,2288.2,2119.2,2782.4,0.622,0.644,32.3,0.431
537.1,46049.3,9,KOENSAYR ION-ACCELERATOR ADVANCED CANNON ,2763.1,2205.6,3595.3,0.615,0.398,29.1,0.32
498.4,41837.0,9,RENDILI PROTOTYPE X DISRUPTOR ,2426.5,1895.5,3058.7,0.574,0.458,31.9,0.333
580.5,34988.9,8,CYGNUS ERADICATOR 1 DISRUPTOR ,2421.3,2183.1,3424.6,0.598,0.632,32.0,0.409
406.7,13616.6,6,HOERSCH-KESSEL SCORCHER 3 ,1980.9,1671.3,2312.3,0.628,0.61,38.9,0.4270000000000001
531.9,50429.7,9,KOENSAYR ION-ACCELERATOR ADVANCED CANNON ,2715.8,1920.0,3337.2,0.608,0.395,31.1,0.3279999999999999
552.6,25611.9,8,ARMEK SW-7A ION CANNON ,2194.0,1918.1,2897.2,0.601,0.589,36.7,0.409
276.9,6246.9,5,INCOM 13 BLASTERS ,2429.6,999.9,1632.2,0.498,0.509,28.7,0.341
594.4,31434.1,8,SUBPRO/INCOM QUAD BLASTER ,2197.0,2197.5,2977.1,0.645,0.631,35.6,0.43
90.0,1199.9,1,MANDALMOTORS LIGHT BLASTER ,2400.1,348.0,468.0,0.5,0.5,20.4,0.34
296.7,6958.1,5,INCOM 13 BLASTERS ,2084.0,1129.7,1619.0,0.4920000000000001,0.491,24.0,0.335
700.8,38220.3,8,INCOM TRI-CANNON ,2799.9,2387.6,3691.9,0.625,0.625,14.1,0.425
434.9,13048.0,6,SIENAR DESIGN SYSTEMS IMPERIAL BLASTER 2 ,2112.6,1397.9,2062.8,0.64,0.622,30.7,0.413
402.1,14082.0,6,HOERSCH-KESSEL SCORCHER 3 ,2130.9,1816.2,2475.0,0.619,0.629,37.6,0.42
90.0,1199.9,1,MANDALMOTORS LIGHT BLASTER ,2399.9,348.0,468.0,0.5,0.5,20.4,0.34
258.8,5687.7,4,AIM & BAK ION DRIVER ,2600.1,913.5,1287.0,0.625,0.625,28.1,0.425
320.1,6620.3,5,AIM & BAK IX5 LASER CANNON ,2396.9,1018.4,1460.9,0.506,0.512,24.1,0.3389999999999999
703.7,58972.8,10,CORELLIAN BEAMRAIL GAUSS CANNON ,2858.3,2355.8,4034.4,0.738,0.496,33.7,0.409
258.7,5687.6,4,AIM & BAK ION DRIVER ,2599.9,913.5,1287.1,0.625,0.625,28.1,0.425
700.8,38220.1,8,INCOM TRI-CANNON ,2799.9,2387.8,3692.0,0.625,0.625,14.1,0.425
696.7,31026.9,8,SIENAR DESIGN SYSTEMS HEAVY IMPERIAL SPECIAL FORCES CANNON ,2232.0,1864.3,2994.7,0.642,0.631,35.1,0.386
629.7,57118.3,10,HOERSCH RAILGUN ,2491.1,2736.3,4211.6,0.5529999999999999,0.784,39.2,0.422
675.7,61633.9,10,INCOM ELITE QUAD BLASTER ,2443.3,2352.0,3604.0,0.61,0.618,33.8,0.416
699.0,54899.0,10,INCOM ELITE QUAD BLASTER ,2075.8,2270.2,4733.4,0.611,0.6409999999999999,36.2,0.431
414.8,15514.3,7,RENDILI FG1-A BLASTER ,2081.7,1569.2,2039.2,0.609,0.4539999999999999,28.1,0.341
702.9,65567.2,10,CORELLIAN BEAMRAIL GAUSS CANNON ,2973.7,2633.0,3740.0,0.735,0.501,39.6,0.425
710.3,58357.4,10,SIENAR DESIGN SYSTEMS EXPERIMENTAL SECRET OPS BLASTER ,2393.5,2608.7,3714.7,0.62,0.596,37.0,0.4320000000000001
574.9,34879.8,8,HOERSCH-KESSEL SCORCHER ADVANCED ,2370.4,2055.6,2921.1,0.611,0.611,30.0,0.409
596.5,31032.6,8,CYGNUS ERADICATOR 1 DISRUPTOR ,2516.6,2081.9,3438.8,0.629,0.624,32.4,0.428
601.3,51889.4,10,ARMEK ELITE ION CANNON ,2527.7,2543.5,3759.3,0.741,0.565,43.0,0.413
607.7,47380.2,10,ARMEK ELITE ION CANNON ,2610.8,2489.2,3979.9,0.736,0.574,41.2,0.426
576.9,46563.9,9,HOERSCH-KESSEL SCORCHER ELITE ,2426.6,2317.3,2903.9,0.596,0.584,31.4,0.4029999999999999
568.2,34338.3,8,CYGNUS ERADICATOR 1 DISRUPTOR ,2258.7,1893.8,3245.9,0.624,0.619,33.4,0.435
712.5,56746.3,10,SIENAR DESIGN SYSTEMS MODIFIED ELITE BLASTER ,2711.5,2412.2,4140.5,0.608,0.625,39.7,0.421
635.4,45999.6,10,HOERSCH RAILGUN ,2124.3,2577.8,3517.8,0.591,0.75,34.8,0.43
563.8,49185.4,9,KOENSAYR ION-ACCELERATOR ADVANCED CANNON ,2386.2,1980.4,3226.4,0.601,0.419,29.4,0.355
561.9,46471.4,9,KOENSAYR ION-ACCELERATOR ADVANCED CANNON ,2796.2,2248.4,3279.1,0.58,0.402,26.2,0.332
614.5,59513.5,10,ARMEK ELITE ION CANNON ,2577.9,2274.1,4000.2,0.746,0.555,38.1,0.417
506.1,45125.9,9,RENDILI PROTOTYPE X DISRUPTOR ,2717.6,2130.4,3179.4,0.6,0.4479999999999999,26.6,0.342
536.3,29302.4,8,ARMEK SW-7A ION CANNON ,2190.0,2059.1,3244.5,0.617,0.61,33.9,0.406
653.2,53317.7,10,HOERSCH RAILGUN ,2482.9,2236.5,3415.2,0.551,0.745,39.9,0.429
626.0,54561.0,9,SIENAR DESIGN SYSTEMS ELITE BLASTERS ,2662.9,2068.5,3409.6,0.482,0.49,25.5,0.3379999999999999
527.9,26299.2,8,ARMEK SW-7A ION CANNON ,2274.1,1733.5,2561.4,0.609,0.61,34.7,0.4320000000000001
549.7,50797.2,9,KOENSAYR ION-ACCELERATOR ADVANCED CANNON ,2891.2,2090.3,3260.9,0.5920000000000001,0.413,32.0,0.35
536.4,45007.6,9,KOENSAYR ION-ACCELERATOR ADVANCED CANNON ,2887.7,2262.9,2995.4,0.59,0.3939999999999999,31.7,0.335
618.7,49040.4,10,ARMEK ELITE ION CANNON ,2387.8,2474.5,3989.9,0.738,0.5770000000000001,34.4,0.425
380.6,12344.3,6,MARK II SUBPRO TRIPLEBLASTER ,2201.0,1312.5,2097.1,0.609,0.642,35.8,0.401
618.6,46620.5,10,ARMEK ELITE ION CANNON ,2468.0,2337.5,3812.9,0.747,0.5579999999999999,37.1,0.42
538.5,28339.8,8,ARMEK SW-7A ION CANNON ,2283.6,2118.7,3043.5,0.626,0.634,32.3,0.423
493.9,40933.4,9,RENDILI PROTOTYPE X DISRUPTOR ,2687.8,2044.8,3186.5,0.5920000000000001,0.456,33.0,0.3329999999999999
521.8,29515.8,8,ARMEK SW-7A ION CANNON ,2122.7,2090.7,3259.7,0.626,0.621,36.0,0.415
534.0,28095.3,8,ARMEK SW-7A ION CANNON ,2402.6,2133.3,2726.2,0.622,0.62,36.8,0.423
587.1,29216.3,8,CYGNUS ERADICATOR 1 DISRUPTOR ,2666.2,2181.9,2893.1,0.628,0.629,29.6,0.409
560.7,21840.3,7,SIENAR DESIGN SYSTEMS BODRIVER ,2800.1,1910.3,2953.5,0.5,0.5,27.2,0.34
603.0,48683.3,10,HOERSCH RAILGUN ,2126.4,2435.5,4019.4,0.552,0.711,32.2,0.422
472.7,17771.9,7,MANDALMOTORS ANNIHILATOR MK2 ,2140.6,1607.4,2494.0,0.516,0.494,23.3,0.3429999999999999
748.2,77758.9,10,HOERSCH-KESSEL MODIFIED ELITE SCORCHER ,2468.7,2570.4,3800.6,0.727,0.7440000000000001,45.7,0.4639999999999999
552.3,42755.9,9,KOENSAYR ION-ACCELERATOR ADVANCED CANNON ,2470.5,2148.7,3415.0,0.598,0.392,24.2,0.338
691.0,68536.9,10,INCOM TRANDOSHAN SPECIAL REPEATER CANNON ,2139.1,2133.8,3297.8,0.643,0.637,37.0,0.417
528.2,31866.7,8,ARMEK SW-7A ION CANNON ,2154.3,1920.2,3277.2,0.615,0.617,37.1,0.409
174.6,2397.6,3,MANDALMOTORS QV-3 DISRUPTOR ,2080.1,538.8,807.8,0.393,0.603,22.7,0.338
539.6,41837.9,9,MANDALMOTORS ADVANCED ANNIHILATOR ,2179.2,1916.6,2928.1,0.5670000000000001,0.53,29.4,0.339
551.6,50894.9,9,KOENSAYR ION-ACCELERATOR ADVANCED CANNON ,2592.0,2179.9,3399.4,0.618,0.394,31.7,0.331
740.2,58753.7,10,GYRHIL R-9X LASER CANNON ,2147.5,2377.4,4141.1,0.602,0.638,41.2,0.43
532.0,32342.1,8,ARMEK SW-7A ION CANNON ,2531.2,2076.1,3290.4,0.6659999999999999,0.631,32.8,0.433
630.6,55037.6,10,ARMEK ELITE ION CANNON ,2533.4,2522.5,4293.1,0.732,0.5529999999999999,31.4,0.424
507.8,40286.3,9,RENDILI PROTOTYPE X DISRUPTOR ,2118.8,2024.1,3398.2,0.614,0.4589999999999999,29.3,0.349
512.7,48488.2,9,RENDILI PROTOTYPE X DISRUPTOR ,2147.5,1985.9,3476.8,0.565,0.444,26.6,0.342
517.3,31950.1,8,ARMEK SW-7A ION CANNON ,2315.1,1998.1,3099.6,0.626,0.604,35.0,0.43
561.6,47289.1,9,KOENSAYR ION-ACCELERATOR ADVANCED CANNON ,2641.4,2041.4,3810.7,0.6,0.4029999999999999,31.7,0.342
606.6,46005.5,10,ARMEK ELITE ION CANNON ,2178.0,2357.4,4304.0,0.733,0.563,38.2,0.4270000000000001
543.1,26852.3,8,ARMEK SW-7A ION CANNON ,2256.5,1942.2,3018.8,0.627,0.624,35.5,0.434
358.1,7095.4,5,REPUBLIC SIENAR SYSTEMS IMPERIAL CANNON ,2140.6,1099.3,1669.1,0.4920000000000001,0.512,22.8,0.35
586.3,31494.8,8,CYGNUS ERADICATOR 1 DISRUPTOR ,2731.8,2049.7,3388.1,0.65,0.618,36.7,0.429
317.7,6390.7,5,KOENSAYR ION-ACCELERATOR 2 CANNON ,2212.5,1117.4,1564.0,0.653,0.357,23.4,0.346
576.6,29658.5,8,GYRHIL 72 TWIN AUTO-BLASTERS ,2333.6,2043.0,3213.3,0.618,0.63,39.3,0.435
394.6,14344.2,6,HOERSCH-KESSEL SCORCHER 3 ,2506.7,1696.7,2634.2,0.627,0.632,37.7,0.4039999999999999
317.6,7699.6,5,ARMEK SW-4 ION CANNON ,1740.5,1028.7,1552.2,0.513,0.517,23.1,0.331
398.0,13843.8,6,HOERSCH-KESSEL SCORCHER 3 ,2314.5,1648.2,2252.2,0.667,0.642,37.7,0.433
218.3,4819.7,4,SUBPRO MODIFIED TRI-CANNON ,2310.5,781.1,1122.8,0.623,0.634,28.3,0.425
600.2,28643.2,8,AIM & BAK HT-12 HEAVY LASER CANNON ,2671.0,1988.7,3273.7,0.635,0.632,37.1,0.41
507.8,40286.3,9,RENDILI PROTOTYPE X DISRUPTOR ,2118.8,2024.1,3398.2,0.614,0.459,29.3,0.349
787.2,62858.5,10,GYRHIL R-9X LASER CANNON ,2780.5,2384.2,3980.9,0.6459999999999999,0.647,32.0,0.424
568.4,48584.6,9,HOERSCH-KESSEL SCORCHER ELITE ,2668.5,1980.5,3165.2,0.597,0.5720000000000001,30.8,0.406
600.2,33442.8,8,HOERSCH-KESSEL SCORCHER ADVANCED ,2238.9,1972.3,3066.3,0.6409999999999999,0.616,35.1,0.425
628.1,48577.7,10,ARMEK ELITE ION CANNON ,2704.5,2561.3,3702.0,0.754,0.5760000000000001,39.1,0.435
713.5,56460.3,10,INCOM ELITE QUAD BLASTER ,2379.9,2131.5,4021.0,0.6409999999999999,0.653,39.0,0.4370000000000001
555.6,39403.5,9,INCOM HEAVY QUAD BLASTER ,2537.0,2062.1,3196.6,0.502,0.5,27.6,0.339
499.0,43007.2,9,ARMEK ADVANCED ,2302.6,1816.1,3091.1,0.599,0.4370000000000001,29.3,0.329
454.8,18552.6,7,MANDALMOTORS ANNIHILATOR MK2 ,2320.4,1629.3,2206.2,0.493,0.509,29.3,0.339
752.2,66133.6,10,MANDALMOTORS ELITE ANNIHILATOR ,2619.6,2456.2,3906.8,0.569,0.552,37.1,0.416
605.5,50436.9,10,HOERSCH RAILGUN ,2357.7,2482.3,4314.9,0.584,0.742,33.4,0.425
345.7,8558.2,5,REPUBLIC SIENAR SYSTEMS IMPERIAL CANNON ,2087.9,1118.4,1632.8,0.487,0.4920000000000001,28.6,0.338
618.9,50070.3,10,ARMEK ELITE ION CANNON ,2569.7,2542.2,4332.2,0.7340000000000001,0.561,29.9,0.435
535.3,38771.6,9,KOENSAYR ION-ACCELERATOR ADVANCED CANNON ,2662.5,2131.4,2946.6,0.604,0.389,31.1,0.356
279.3,6571.7,5,INCOM 13 BLASTERS ,2095.7,1019.9,1626.5,0.525,0.508,22.4,0.351
621.7,56530.4,10,ARMEK ELITE ION CANNON ,2241.4,2391.1,3916.6,0.752,0.561,34.7,0.399
516.0,29996.1,8,ARMEK SW-7A ION CANNON ,2230.7,1835.7,3201.7,0.629,0.605,29.6,0.431
600.4,44225.2,10,HOERSCH RAILGUN ,2844.0,2469.9,3999.9,0.5379999999999999,0.7340000000000001,36.4,0.429
781.3,63207.3,10,MANDALMOTORS ELITE ANNIHILATOR ,2293.9,2645.8,4275.5,0.534,0.5720000000000001,35.8,0.418
572.0,46619.0,9,INCOM DUAL-CORE FLASHCANNON ,2082.7,1847.4,3338.4,0.512,0.499,33.0,0.355
407.9,14720.1,6,MARK II SUBPRO TRIPLEBLASTER ,1997.7,1362.4,1902.4,0.632,0.615,29.1,0.415
702.9,60433.2,10,SIENAR DESIGN SYSTEMS EXPERIMENTAL SECRET OPS BLASTER ,2482.4,2491.0,4407.9,0.628,0.635,37.1,0.435
550.1,48301.4,9,INCOM DUAL-CORE FLASHCANNON ,2211.1,2132.4,3087.2,0.498,0.474,26.1,0.347
556.1,44042.6,9,INCOM HEAVY QUAD BLASTER ,2779.7,2131.7,3253.4,0.493,0.48,29.9,0.3289999999999999
585.6,33303.6,8,MANDALMOTORS HEAVY ANNIHILATOR ,2237.6,2153.6,3215.4,0.5920000000000001,0.618,31.9,0.431
280.5,5997.6,5,INCOM 13 BLASTERS ,2043.3,1121.5,1537.1,0.489,0.487,25.2,0.347
306.7,7325.3,5,MANDALMOTORS QV-5 DISRUPTOR ,2584.2,960.7,1696.6,0.363,0.633,27.6,0.352
351.2,12179.8,6,INCOM ADVANCED BLASTER ,2675.8,1495.8,2018.9,0.617,0.629,32.7,0.441
593.4,31024.8,8,GYRHIL 72 TWIN AUTO-BLASTERS ,2284.0,2003.7,3114.3,0.626,0.627,33.3,0.435
286.1,6096.1,5,INCOM 13 BLASTERS ,2312.5,1148.1,1504.4,0.494,0.477,25.6,0.335
332.6,6417.9,5,KOENSAYR ION-ACCELERATOR 2 CANNON ,2267.0,1059.9,1598.2,0.65,0.354,24.4,0.35
396.3,13146.6,6,SIENAR FLEET SYSTEMS IMPERIAL BLASTER 4 ,1857.4,1247.9,1626.8,0.642,0.642,29.6,0.4270000000000001
494.7,41052.3,9,RENDILI PROTOTYPE X DISRUPTOR ,2226.1,2047.5,3094.5,0.602,0.4579999999999999,28.6,0.34
695.0,50518.4,10,SIENAR DESIGN SYSTEMS EXPERIMENTAL SECRET OPS BLASTER ,2529.9,2795.6,4445.3,0.614,0.632,33.1,0.435
403.9,14050.2,6,HOERSCH-KESSEL SCORCHER 3 ,2011.1,1729.1,2604.7,0.627,0.638,35.8,0.4320000000000001
467.8,19587.1,7,CORELLIAN 1D SERVO TURRETS ,1783.5,1552.1,2707.7,0.472,0.507,24.6,0.3389999999999999
695.4,57055.2,10,SIENAR DESIGN SYSTEMS EXPERIMENTAL SECRET OPS BLASTER ,2394.5,2492.5,4298.6,0.629,0.616,36.9,0.4370000000000001
495.4,43839.4,9,RENDILI PROTOTYPE X DISRUPTOR ,2347.5,2064.3,3075.4,0.612,0.456,31.0,0.345
379.6,13566.0,6,MARK II SUBPRO TRIPLEBLASTER ,1994.4,1394.7,1892.2,0.629,0.635,31.9,0.408
258.7,5209.6,4,INCOM 8 BLASTERS ,2137.9,801.4,1143.2,0.648,0.635,28.2,0.419
504.5,23532.4,8,ARMEK SW-7A ION CANNON ,2510.4,1812.3,3110.9,0.642,0.619,36.3,0.434
568.0,34509.4,8,CORELLIAN AG-1G LASER CANNONS ,2021.5,1929.3,3138.2,0.624,0.629,34.2,0.4270000000000001
613.9,41788.2,10,ARMEK ELITE ION CANNON ,2250.9,2417.6,4029.6,0.727,0.5710000000000001,37.7,0.435
613.0,50827.8,9,SIENAR DESIGN SYSTEMS ELITE BLASTERS ,2215.8,1862.2,3082.3,0.523,0.512,34.2,0.341
580.8,30858.1,8,CYGNUS ERADICATOR 1 DISRUPTOR ,2704.0,2095.6,3239.7,0.6609999999999999,0.655,38.0,0.434
584.6,33809.5,8,CYGNUS ERADICATOR 1 DISRUPTOR ,3107.7,1854.8,3006.1,0.628,0.643,32.4,0.416
602.4,58658.6,10,ARMEK ELITE ION CANNON ,2298.6,2512.5,3602.2,0.722,0.564,40.4,0.433
495.2,42848.3,9,RENDILI PROTOTYPE X DISRUPTOR ,2248.6,1892.6,3369.9,0.589,0.456,29.3,0.341
614.7,51486.7,10,HOERSCH RAILGUN ,2378.9,2479.3,4099.0,0.5429999999999999,0.7709999999999999,38.7,0.431
536.3,30100.0,8,ARMEK SW-7A ION CANNON ,2274.4,2040.8,3035.8,0.631,0.642,29.5,0.436
563.3,47211.0,9,KOENSAYR ION-ACCELERATOR ADVANCED CANNON ,3149.5,1990.5,3131.8,0.596,0.4,32.8,0.336
590.6,29404.3,8,CYGNUS ERADICATOR 1 DISRUPTOR ,2235.6,1875.4,3271.1,0.628,0.632,32.5,0.431
617.2,59327.9,10,HOERSCH RAILGUN ,2193.1,2273.5,4144.6,0.5529999999999999,0.7659999999999999,38.1,0.4320000000000001
380.0,11527.6,6,AIM & BAK KX5 LASER CANNON ,1952.8,1363.3,2019.7,0.608,0.62,31.4,0.441
545.3,43846.4,9,KOENSAYR ION-ACCELERATOR ADVANCED CANNON ,2136.7,2336.2,3140.3,0.612,0.417,34.5,0.34
627.8,57635.8,10,ARMEK ELITE ION CANNON ,2069.1,2555.5,3749.3,0.74,0.584,35.1,0.426
592.7,33459.4,8,CYGNUS ERADICATOR 1 DISRUPTOR ,2670.2,1876.2,3080.4,0.628,0.617,33.9,0.4039999999999999
623.6,46550.4,10,ARMEK ELITE ION CANNON ,2435.9,2326.0,4353.2,0.752,0.5479999999999999,34.8,0.44
722.3,60863.5,10,CYGNUS ELITE DISRUPTOR ,2363.3,2724.7,4239.4,0.612,0.626,38.0,0.425
599.9,28710.7,8,CYGNUS ERADICATOR 1 DISRUPTOR ,2622.1,1855.9,3538.1,0.6459999999999999,0.632,35.4,0.436
353.6,9371.6,6,INCOM ADVANCED BLASTER ,2062.7,1315.6,2086.7,0.622,0.613,32.8,0.423
304.2,5797.6,5,SUBPRO ADVANCED CANNON ,2065.5,1009.2,1633.9,0.49,0.515,22.4,0.335
588.1,33751.8,8,VENGEANCE ION CANNON ,2331.5,2068.4,3265.7,0.633,0.619,35.7,0.428
472.4,34201.4,9,RENDILI PROTOTYPE X DISRUPTOR ,2306.0,1874.7,3364.3,0.6,0.434,32.6,0.324
383.1,15038.8,6,HOERSCH-KESSEL SCORCHER 3 ,2234.9,1542.2,2557.8,0.642,0.624,33.4,0.419
173.0,2809.8,3,INCOM LONG-RANGE DISRUPTOR ,2082.4,623.5,768.9,0.302,0.747,25.5,0.3329999999999999
318.8,6721.9,5,AIM & BAK IX5 LASER CANNON ,2550.0,1038.3,1681.6,0.501,0.511,23.1,0.337
771.7,65485.4,10,HOERSCH-KESSEL MODIFIED ELITE SCORCHER ,2167.7,2732.2,3926.8,0.778,0.711,45.4,0.449
568.9,44402.5,9,KOENSAYR ION-ACCELERATOR ADVANCED CANNON ,2920.7,2132.1,3295.4,0.597,0.375,29.0,0.3339999999999999
461.9,18686.2,7,CORELLIAN 1D SERVO TURRETS ,2127.5,1595.2,2486.9,0.509,0.5,29.0,0.342
351.1,7780.4,5,RENDILI FR13 DISRUPTOR ,2338.6,1180.8,1513.7,0.397,0.595,25.0,0.336
545.8,50802.9,9,KOENSAYR ION-ACCELERATOR ADVANCED CANNON ,2624.3,2313.0,3484.1,0.574,0.384,30.4,0.3389999999999999
599.4,50787.0,10,ARMEK ELITE ION CANNON ,2653.2,2550.9,4319.5,0.7170000000000001,0.5479999999999999,37.0,0.431
317.7,7849.7,5,AIM & BAK IX5 LASER CANNON ,2230.6,1092.1,1667.1,0.502,0.514,24.4,0.34
614.1,52548.5,10,HOERSCH RAILGUN ,2354.0,2263.1,3773.3,0.541,0.7559999999999999,38.7,0.412
518.0,29461.0,8,ARMEK SW-7A ION CANNON ,2353.3,2228.2,3019.1,0.621,0.634,31.2,0.446
616.1,49902.6,10,HOERSCH RAILGUN ,2127.7,2531.8,4021.0,0.564,0.74,37.6,0.425
627.9,50718.3,10,HOERSCH RAILGUN ,2385.2,2444.6,4240.0,0.5529999999999999,0.747,37.1,0.416
535.4,48931.9,9,KOENSAYR ION-ACCELERATOR ADVANCED CANNON ,2560.1,2148.3,3422.7,0.589,0.406,32.0,0.355
581.6,32493.7,8,CYGNUS ERADICATOR 1 DISRUPTOR ,2324.8,2029.5,2784.5,0.5670000000000001,0.649,28.8,0.449
450.8,19734.4,7,ARMEK SW-8 ION CANNON ,2036.3,1601.0,2262.3,0.509,0.496,29.6,0.344
562.8,24114.5,8,GYRHIL 72 TWIN AUTO-BLASTERS ,2454.2,1956.3,3224.7,0.6559999999999999,0.639,32.5,0.441
514.0,24765.5,8,ARMEK SW-7A ION CANNON ,2409.4,1813.6,3093.8,0.65,0.63,36.3,0.419
762.7,61344.9,10,GYRHIL R-9X LASER CANNON ,2574.9,2758.8,3923.6,0.607,0.614,38.1,0.424
580.4,34393.5,8,CYGNUS ERADICATOR 1 DISRUPTOR ,1890.0,1922.3,2801.8,0.588,0.629,36.8,0.439
361.8,11773.8,6,INCOM ADVANCED BLASTER ,2311.7,1310.9,2009.1,0.645,0.65,27.4,0.406
539.3,42663.5,9,INCOM HEAVY QUAD BLASTER ,2482.1,1857.3,3390.0,0.499,0.481,26.3,0.335
542.4,48860.1,9,BORSTEL RG9 LASER CANNON ,2553.8,1845.0,3161.0,0.48,0.505,33.6,0.349
611.7,51869.6,10,ARMEK ELITE ION CANNON ,2301.1,2336.7,4328.1,0.773,0.562,34.5,0.436
569.1,36031.1,8,CYGNUS ERADICATOR 1 DISRUPTOR ,2390.0,2066.9,3202.4,0.63,0.63,36.1,0.429
514.5,27531.1,8,ARMEK SW-7A ION CANNON ,2243.8,1857.0,3022.8,0.621,0.623,36.2,0.425
701.2,66427.8,10,AIM & BAK ELITE BLASTER ,2295.8,2162.7,3594.1,0.621,0.604,39.2,0.421
641.4,60721.2,10,ARMEK ELITE ION CANNON ,1882.0,2348.0,4016.5,0.77,0.5820000000000001,41.9,0.421
498.7,42358.0,9,RENDILI PROTOTYPE X DISRUPTOR ,2121.9,2233.4,3458.9,0.598,0.443,28.5,0.333
313.4,5908.2,5,MANDALMOTORS QV-5 DISRUPTOR ,2478.8,1116.0,1644.1,0.343,0.648,22.7,0.337
615.0,51873.1,10,ARMEK ELITE ION CANNON ,2395.0,2523.9,3878.8,0.748,0.5870000000000001,34.6,0.436
633.1,48823.9,10,HOERSCH RAILGUN ,2357.1,2390.6,4659.8,0.5489999999999999,0.7509999999999999,37.8,0.429
636.4,53207.2,10,HOERSCH RAILGUN ,2446.8,2428.8,4207.4,0.5489999999999999,0.746,39.9,0.435
750.5,57798.5,10,GYRHIL R-9X LASER CANNON ,2475.9,2474.7,3672.2,0.624,0.629,36.8,0.422
555.6,49884.7,9,AIM & BAK KX9 LASER CANNON ,2606.5,1872.8,3176.4,0.505,0.487,29.9,0.334
448.9,12415.5,6,SIENAR DESIGN SYSTEMS IMPERIAL BLASTER 2 ,2100.6,1279.2,1999.6,0.632,0.632,33.2,0.416
421.3,14089.6,7,RENDILI FG1-A BLASTER ,2393.0,1570.3,2217.6,0.616,0.447,26.4,0.346
475.9,19753.4,7,MANDALMOTORS ANNIHILATOR MK2 ,2223.8,1603.3,2416.5,0.514,0.512,25.0,0.342
417.3,19173.1,7,RENDILI FG1-A BLASTER ,2315.1,1560.4,2741.2,0.596,0.419,28.7,0.335
637.1,52642.0,10,ARMEK ELITE ION CANNON ,2401.0,2317.6,3956.6,0.7290000000000001,0.562,39.2,0.422
625.5,50327.8,10,HOERSCH RAILGUN ,2263.8,2579.2,4239.5,0.557,0.772,37.1,0.422
546.3,51742.4,9,HOERSCH-KESSEL SCORCHER ELITE ,2585.9,1916.3,3103.4,0.62,0.597,31.8,0.397
537.6,30953.2,8,ARMEK SW-7A ION CANNON ,2471.1,1601.9,2810.4,0.65,0.64,38.2,0.426
616.0,23589.3,8,CYGNUS ERADICATOR 1 DISRUPTOR ,2552.7,2026.1,3460.3,0.6409999999999999,0.626,30.9,0.421
612.6,52251.0,10,ARMEK ELITE ION CANNON ,2644.8,2202.3,4226.2,0.773,0.564,36.3,0.429
602.5,32884.7,8,CYGNUS ERADICATOR 1 DISRUPTOR ,2717.6,1811.0,3217.1,0.644,0.645,33.1,0.42
771.5,61743.3,10,HOERSCH-KESSEL MODIFIED ELITE SCORCHER ,2494.0,2551.3,3968.9,0.737,0.767,48.7,0.439
439.2,17470.5,7,AIM & BAK KX8 LASER CANNON ,2116.9,1818.3,2224.9,0.575,0.462,25.5,0.354
581.6,51192.9,9,HOERSCH-KESSEL SCORCHER ELITE ,2519.9,2051.7,3063.0,0.631,0.5870000000000001,35.0,0.406
552.6,43847.5,9,BORSTEL RG9 LASER CANNON ,2427.4,1921.7,3440.4,0.514,0.507,30.6,0.333
512.3,28948.1,8,ARMEK SW-7A ION CANNON ,2424.6,2020.4,2959.5,0.657,0.637,40.6,0.415
636.1,48595.9,10,HOERSCH RAILGUN ,1925.9,2389.0,3783.5,0.5379999999999999,0.764,37.9,0.418
516.1,45079.9,9,KOENSAYR ION-ACCELERATOR ADVANCED CANNON ,2486.2,2078.4,3652.7,0.602,0.397,32.3,0.338
627.1,52204.6,10,ARMEK ELITE ION CANNON ,2360.7,2362.0,4217.8,0.7609999999999999,0.561,34.4,0.434
598.4,59861.1,10,ARMEK ELITE ION CANNON ,2642.7,2782.5,3713.4,0.757,0.557,37.0,0.423
497.2,42035.9,9,ARMEK ADVANCED ,2424.6,2241.4,3329.5,0.613,0.455,25.8,0.343
174.9,2428.0,3,SLAYN & KORPIL ION CANNON ,2183.9,638.5,833.5,0.698,0.289,25.7,0.34
172.1,2785.5,3,INCOM LONG-RANGE DISRUPTOR ,2195.4,553.5,830.0,0.292,0.7340000000000001,20.7,0.34
693.3,46809.3,10,INCOM ELITE QUAD BLASTER ,2595.0,2478.9,3695.9,0.635,0.629,40.5,0.423
176.6,2216.7,3,KOENSAYR ION-ACCELERATOR CANNON ,1949.6,548.0,935.0,0.495,0.502,23.8,0.332
249.5,4519.7,4,HOERSCH-KESSEL SCORCHER CANNON ,2049.6,805.9,1235.3,0.601,0.621,30.1,0.414
620.5,55107.1,10,HOERSCH RAILGUN ,2387.0,2270.0,3928.8,0.585,0.723,39.5,0.419
643.0,50660.9,10,ARMEK ELITE ION CANNON ,2635.9,2553.4,4415.6,0.7559999999999999,0.5760000000000001,39.5,0.429
549.3,30179.1,8,ARMEK SW-7A ION CANNON ,2277.2,1919.2,2740.9,0.615,0.662,38.8,0.429
501.6,41017.2,9,RENDILI PROTOTYPE X DISRUPTOR ,2422.6,2143.3,3175.7,0.603,0.452,25.8,0.355
519.3,27243.3,8,ARMEK SW-7A ION CANNON ,2426.9,1736.2,3407.7,0.633,0.6459999999999999,29.0,0.419
552.6,43847.5,9,BORSTEL RG9 LASER CANNON ,2427.4,1921.7,3440.4,0.514,0.507,30.6,0.3329999999999999
504.7,40622.7,9,RENDILI PROTOTYPE X DISRUPTOR ,2353.3,1986.3,3406.2,0.58,0.439,31.8,0.3429999999999999
599.8,32512.5,8,CYGNUS ERADICATOR 1 DISRUPTOR ,2343.6,1966.5,3508.6,0.635,0.62,32.4,0.41
395.0,13515.4,6,MARK II SUBPRO TRIPLEBLASTER ,2310.9,1474.1,1781.8,0.623,0.631,34.8,0.41
470.9,14741.3,7,CORELLIAN 1D SERVO TURRETS ,2444.4,1599.6,2504.0,0.498,0.48,24.0,0.344
550.7,60792.8,9,KOENSAYR ION-ACCELERATOR ADVANCED CANNON ,2255.8,1913.5,3518.7,0.575,0.4,26.1,0.32
592.9,34236.0,8,CYGNUS ERADICATOR 1 DISRUPTOR ,2605.3,2017.9,3098.7,0.5920000000000001,0.638,35.2,0.405
532.0,48332.6,9,KOENSAYR ION-ACCELERATOR ADVANCED CANNON ,2241.7,1843.5,3448.8,0.5870000000000001,0.399,27.2,0.333
268.7,6701.2,5,INCOM 13 BLASTERS ,1939.6,1108.1,1656.9,0.516,0.495,27.1,0.337
557.5,45273.3,9,KOENSAYR ION-ACCELERATOR ADVANCED CANNON ,2514.9,1796.1,3572.1,0.601,0.411,30.2,0.352
617.8,48686.0,10,ARMEK ELITE ION CANNON ,2513.0,2504.0,3900.4,0.7559999999999999,0.5579999999999999,39.3,0.407
612.4,49596.3,10,ARMEK ELITE ION CANNON ,2321.6,2441.7,4215.6,0.732,0.5579999999999999,34.5,0.426
581.0,27593.8,8,MANDALMOTORS HEAVY ANNIHILATOR ,2033.9,2034.0,3147.5,0.626,0.623,34.8,0.421
554.9,51808.9,9,SIENAR FLEET SYSTEMS ELITE OPS BLASTER ,2468.4,1992.5,3001.8,0.528,0.487,33.9,0.322
594.9,28452.9,8,CYGNUS ERADICATOR 1 DISRUPTOR ,2412.8,1770.5,2621.3,0.612,0.636,34.1,0.403
505.2,30319.1,8,ARMEK SW-7A ION CANNON ,2209.6,2002.1,3028.8,0.593,0.623,32.3,0.418
507.1,42010.4,9,RENDILI PROTOTYPE X DISRUPTOR ,2540.1,1914.5,3165.9,0.608,0.446,32.0,0.361
604.4,57061.5,10,ARMEK ELITE ION CANNON ,2432.7,2557.1,4140.4,0.731,0.5479999999999999,34.4,0.418
409.4,13155.4,6,CYGNUS FASTSPRAY 2000 DISRUPTOR ,2265.2,1413.0,1959.8,0.644,0.622,34.7,0.431
593.4,54499.9,10,ARMEK ELITE ION CANNON ,2494.8,2364.9,3879.9,0.768,0.585,32.8,0.418
397.3,11877.8,6,ARMEK SW-6 ION CANNON ,2327.0,1262.5,2010.6,0.616,0.631,34.1,0.415
622.3,64033.9,10,ARMEK ELITE ION CANNON ,2833.7,2488.5,3683.6,0.75,0.58,37.4,0.418
637.8,47804.7,10,HOERSCH RAILGUN ,2257.6,2518.1,3815.8,0.575,0.737,40.1,0.421
624.3,57673.4,10,HOERSCH RAILGUN ,2961.3,2611.1,4250.6,0.584,0.746,40.0,0.426
553.0,31500.7,8,AIM & BAK HT-12 HEAVY LASER CANNON ,2219.6,2139.9,3410.8,0.652,0.64,34.4,0.421
731.0,71837.0,10,GYRHIL R-9X LASER CANNON ,2433.0,2544.5,4183.6,0.604,0.643,32.0,0.425
552.1,32328.4,8,HOERSCH-KESSEL SCORCHER ADVANCED ,2375.8,1934.8,2933.3,0.616,0.618,36.7,0.424
700.4,60543.6,10,INCOM ELITE QUAD BLASTER ,1926.1,2185.7,3675.9,0.584,0.605,41.7,0.436
96.3,1963.7,2,INCOM STARSHIP BLASTER ,1608.4,337.6,454.0,0.615,0.619,28.3,0.426
697.0,60175.3,10,CORELLIAN AG-2G QUAD LASER CANNON ,2635.9,2374.3,3302.0,0.624,0.649,40.7,0.395
565.9,58480.9,9,HOERSCH-KESSEL SCORCHER ELITE ,1918.1,1753.1,3058.0,0.581,0.598,29.5,0.405
197.1,5030.0,4,KOENSAYR DELUXE ION-ACCELERATOR CANNON ,1986.1,732.5,1120.3,0.611,0.624,26.2,0.446
532.0,48332.6,9,KOENSAYR ION-ACCELERATOR ADVANCED CANNON ,2241.7,1843.5,3448.8,0.5870000000000001,0.3989999999999999,27.2,0.3329999999999999
601.5,34630.2,8,HOERSCH-KESSEL SCORCHER ADVANCED ,1975.8,2146.1,3272.8,0.607,0.629,32.6,0.42
320.1,6933.9,5,KOENSAYR ION-ACCELERATOR 2 CANNON ,2503.6,1107.8,1518.1,0.643,0.357,24.1,0.335
409.1,14232.0,6,HOERSCH-KESSEL SCORCHER 3 ,2383.4,1656.3,2714.0,0.63,0.624,39.1,0.426
309.7,7470.3,5,SUBPRO ADVANCED CANNON ,2189.7,1053.9,1560.4,0.494,0.506,24.6,0.342
554.4,37242.2,9,KOENSAYR ION-ACCELERATOR ADVANCED CANNON ,2576.4,2151.3,3042.7,0.584,0.4,31.5,0.345
563.0,46749.9,9,KOENSAYR ION-ACCELERATOR ADVANCED CANNON ,2825.8,2195.3,3203.0,0.597,0.403,28.4,0.347
470.0,21063.5,7,HOERSCH-KESSEL SCORCHER HEAVY ,2393.2,1620.2,2420.7,0.613,0.613,32.4,0.408
566.5,30753.9,8,CYGNUS ERADICATOR 1 DISRUPTOR ,2862.3,2087.6,3251.5,0.637,0.614,31.4,0.418
545.8,31308.6,8,ARMEK SW-7A ION CANNON ,2113.5,2004.4,2787.9,0.632,0.627,34.2,0.434
632.4,51488.6,10,ARMEK ELITE ION CANNON ,2415.8,2348.1,4599.0,0.754,0.557,38.1,0.403
612.0,51913.0,10,HOERSCH RAILGUN ,2453.1,2509.9,3588.7,0.5660000000000001,0.742,40.3,0.434
521.5,29547.6,8,ARMEK SW-7A ION CANNON ,2500.1,1913.6,3500.0,0.61,0.606,36.8,0.41
493.3,41668.0,9,RENDILI PROTOTYPE X DISRUPTOR ,2687.2,2033.8,3293.7,0.597,0.443,32.1,0.343
532.7,26665.6,8,ARMEK SW-7A ION CANNON ,2331.6,1965.9,3024.1,0.617,0.632,29.1,0.422
551.8,48705.5,9,AIM & BAK KX9 LASER CANNON ,2545.5,1837.9,3580.1,0.4920000000000001,0.489,29.4,0.344
589.6,47576.7,10,HOERSCH RAILGUN ,2294.2,2364.7,3771.6,0.55,0.7390000000000001,34.8,0.433
477.1,37897.9,9,RENDILI PROTOTYPE X DISRUPTOR ,1909.4,2287.1,2676.8,0.608,0.453,31.5,0.345
518.8,30055.2,8,ARMEK SW-7A ION CANNON ,2358.1,2057.0,3192.7,0.613,0.625,32.6,0.421
517.9,22197.0,7,SIENAR DESIGN SYSTEMS IMPERIAL SPECIAL FORCES CANNON ,2044.5,1576.3,2544.5,0.507,0.476,27.7,0.341
291.7,7062.3,5,KOENSAYR ION-ACCELERATOR 2 CANNON ,2086.8,1038.9,1586.8,0.654,0.351,25.8,0.337
593.8,54118.5,10,ARMEK ELITE ION CANNON ,2547.5,2577.6,3833.9,0.74,0.581,39.8,0.424
493.0,41561.4,9,RENDILI PROTOTYPE X DISRUPTOR ,2148.5,1977.0,3580.8,0.569,0.473,30.5,0.345
592.0,32911.7,8,CYGNUS ERADICATOR 1 DISRUPTOR ,2400.6,2214.4,3151.5,0.624,0.619,36.4,0.42
498.3,46129.6,9,RENDILI PROTOTYPE X DISRUPTOR ,2596.2,1989.7,3143.6,0.593,0.457,30.0,0.35
691.8,57959.1,10,AIM & BAK ELITE BLASTER ,2188.4,2221.8,3296.7,0.6679999999999999,0.62,39.4,0.431
323.7,6901.6,5,AIM & BAK IX5 LASER CANNON ,2441.4,1101.1,1609.2,0.516,0.4970000000000001,25.1,0.347
648.2,46476.6,10,ARMEK ELITE ION CANNON ,2492.2,2390.7,4318.6,0.732,0.5579999999999999,37.1,0.444
644.4,45677.1,10,HOERSCH RAILGUN ,2756.8,2193.2,3773.9,0.5429999999999999,0.7609999999999999,37.5,0.419
513.8,46105.3,9,RENDILI PROTOTYPE X DISRUPTOR ,2259.7,1676.4,2948.2,0.595,0.456,29.9,0.344
549.0,43181.8,9,KOENSAYR ION-ACCELERATOR ADVANCED CANNON ,2292.8,2015.2,3215.1,0.578,0.3929999999999999,27.3,0.337
687.9,62699.4,10,AIM & BAK ELITE BLASTER ,2359.6,2318.7,3465.4,0.621,0.62,36.9,0.421
687.0,51166.6,10,INCOM ELITE QUAD BLASTER ,2502.8,2488.8,3743.6,0.619,0.647,37.8,0.413
190.8,4518.1,4,KOENSAYR DELUXE ION-ACCELERATOR CANNON ,2444.3,853.6,1107.5,0.633,0.64,26.8,0.406
594.7,32333.9,8,CORELLIAN AG-1G LASER CANNONS ,2175.2,1743.7,2718.2,0.62,0.618,34.8,0.435
321.5,6501.9,5,SUBPRO ADVANCED CANNON ,1762.8,1103.1,1634.7,0.484,0.506,21.7,0.342
563.7,32637.1,8,CORELLIAN AG-1G LASER CANNONS ,1902.0,1905.6,2555.7,0.64,0.632,34.0,0.416
359.9,10827.7,6,INCOM ADVANCED BLASTER ,2173.6,1414.0,2230.8,0.626,0.605,33.4,0.425
209.2,4011.0,4,SUBPRO MODIFIED TRI-CANNON ,1941.6,769.7,1049.9,0.609,0.598,27.7,0.404
545.5,51808.5,9,MANDALMOTORS ADVANCED ANNIHILATOR ,2237.7,2157.4,3381.8,0.529,0.525,27.0,0.365
598.0,33122.7,8,SUBPRO/INCOM QUAD BLASTER ,2207.1,1927.0,3317.0,0.622,0.6609999999999999,38.8,0.409
590.2,29756.9,8,AIM & BAK HT-12 HEAVY LASER CANNON ,2306.9,2111.1,3168.3,0.615,0.632,35.0,0.417
609.4,45772.5,10,ARMEK ELITE ION CANNON ,2383.3,2531.8,4029.2,0.748,0.5589999999999999,35.6,0.424
366.4,11867.1,6,INCOM ADVANCED BLASTER ,1778.6,1307.9,2022.8,0.635,0.595,32.4,0.424
309.9,6749.1,5,MANDALMOTORS QV-5 DISRUPTOR ,2525.9,1150.2,1553.3,0.351,0.61,23.9,0.335
693.5,54196.8,10,CORELLIAN AG-2G QUAD LASER CANNON ,1982.7,2157.6,3857.4,0.638,0.62,33.6,0.428
591.2,33605.9,8,CYGNUS ERADICATOR 1 DISRUPTOR ,2392.1,2312.7,3331.4,0.608,0.633,33.8,0.433
703.8,55517.5,10,INCOM ELITE QUAD BLASTER ,2370.0,2524.8,3936.5,0.617,0.634,35.2,0.417
450.9,11047.3,6,RENDILI SC3 DISRUPTOR ,2307.7,1334.3,2102.6,0.627,0.607,34.9,0.4320000000000001
549.0,43181.8,9,KOENSAYR ION-ACCELERATOR ADVANCED CANNON ,2292.8,2015.2,3215.1,0.578,0.393,27.3,0.337
471.4,40874.0,9,RENDILI PROTOTYPE X DISRUPTOR ,2587.1,1953.3,3588.4,0.63,0.428,27.1,0.34
626.4,49336.2,10,HOERSCH RAILGUN ,2243.8,2236.3,4071.1,0.531,0.7440000000000001,37.9,0.421
491.4,47363.7,9,RENDILI PROTOTYPE X DISRUPTOR ,2577.0,2053.1,3066.9,0.62,0.431,28.6,0.3379999999999999
602.0,46538.8,10,ARMEK ELITE ION CANNON ,2481.7,2139.9,4217.3,0.7140000000000001,0.547,40.2,0.456
633.3,63362.1,10,ARMEK ELITE ION CANNON ,2664.4,2454.5,3833.8,0.738,0.557,39.2,0.419
628.8,60129.2,10,ARMEK ELITE ION CANNON ,2369.7,2472.7,3765.2,0.765,0.564,39.3,0.4320000000000001
606.0,53884.1,10,ARMEK ELITE ION CANNON ,2627.2,2460.1,4343.8,0.706,0.5670000000000001,43.6,0.422
684.4,62056.4,10,SIENAR DESIGN SYSTEMS MODIFIED ELITE BLASTER ,2348.0,2638.8,3754.9,0.595,0.607,39.5,0.4029999999999999
362.4,10381.0,6,INCOM ADVANCED BLASTER ,1982.9,1262.8,1874.5,0.629,0.595,33.9,0.422
488.2,51066.8,9,RENDILI PROTOTYPE X DISRUPTOR ,2168.6,2032.8,2859.2,0.606,0.4320000000000001,31.4,0.345
611.3,46850.6,10,ARMEK ELITE ION CANNON ,2412.0,2580.9,3928.1,0.722,0.569,41.3,0.419
526.4,29850.9,8,ARMEK SW-7A ION CANNON ,2216.4,1868.9,3046.9,0.627,0.631,32.9,0.419
613.2,53726.7,10,HOERSCH RAILGUN ,2292.3,2228.5,3651.0,0.556,0.7290000000000001,37.1,0.425
574.7,29862.0,8,CYGNUS ERADICATOR 1 DISRUPTOR ,2601.2,2149.0,2906.0,0.622,0.626,34.4,0.436
478.7,49535.0,9,RENDILI PROTOTYPE X DISRUPTOR ,2322.8,1987.5,3108.1,0.616,0.4629999999999999,26.6,0.3329999999999999
627.4,60566.1,10,ARMEK ELITE ION CANNON ,2347.9,2351.5,3641.5,0.752,0.563,33.9,0.4379999999999999
538.9,45160.6,9,KOENSAYR ION-ACCELERATOR ADVANCED CANNON ,2815.3,2198.6,3283.2,0.607,0.3989999999999999,29.4,0.3379999999999999
551.8,45712.8,9,KOENSAYR ION-ACCELERATOR ADVANCED CANNON ,2760.2,1925.9,3265.9,0.585,0.386,30.9,0.344
502.0,42489.9,9,RENDILI PROTOTYPE X DISRUPTOR ,2545.9,1882.6,3149.5,0.599,0.4479999999999999,29.8,0.34
525.1,26610.1,8,ARMEK SW-7A ION CANNON ,1928.6,1784.4,3085.0,0.62,0.649,35.8,0.435
546.6,47994.6,9,KOENSAYR ION-ACCELERATOR ADVANCED CANNON ,2377.7,2112.7,3316.9,0.59,0.401,29.2,0.337
546.0,47354.1,9,KOENSAYR ION-ACCELERATOR ADVANCED CANNON ,2756.3,1933.8,3341.4,0.608,0.413,29.5,0.342
532.1,40010.8,9,KOENSAYR ION-ACCELERATOR ADVANCED CANNON ,2524.2,2230.9,3101.2,0.614,0.376,30.7,0.34
623.3,52745.3,10,ARMEK ELITE ION CANNON ,2297.4,2172.2,4058.1,0.767,0.5489999999999999,34.7,0.434
562.6,48737.8,9,KOENSAYR ION-ACCELERATOR ADVANCED CANNON ,2289.4,2080.0,3123.4,0.589,0.401,29.3,0.344
514.0,30492.3,8,ARMEK SW-7A ION CANNON ,2423.1,2001.6,2800.9,0.61,0.6409999999999999,30.1,0.441
542.4,24522.2,8,ARMEK SW-7A ION CANNON ,2195.4,1825.2,2913.2,0.595,0.67,30.3,0.423
626.5,51227.6,10,HOERSCH RAILGUN ,2751.5,2516.4,3972.7,0.575,0.7659999999999999,38.7,0.441
619.8,49354.3,10,HOERSCH RAILGUN ,2394.2,2229.0,4014.0,0.5579999999999999,0.7290000000000001,36.2,0.419
600.9,30749.3,8,CYGNUS ERADICATOR 1 DISRUPTOR ,2361.3,1827.7,2931.3,0.63,0.588,36.2,0.401
542.9,45552.8,9,KOENSAYR ION-ACCELERATOR ADVANCED CANNON ,2419.7,1916.9,3495.3,0.597,0.3929999999999999,30.3,0.337
591.4,26841.0,8,CYGNUS ERADICATOR 1 DISRUPTOR ,2662.3,2016.2,3378.3,0.6459999999999999,0.611,35.2,0.424
583.6,32194.4,8,AIM & BAK HT-12 HEAVY LASER CANNON ,2307.1,2060.4,3095.7,0.643,0.649,32.2,0.417
574.3,32642.3,8,GYRHIL 72 TWIN AUTO-BLASTERS ,2450.5,1766.8,2983.7,0.61,0.634,37.1,0.416
489.3,17034.1,7,INCOM HEAVY BLASTER ,2227.7,1665.8,2449.9,0.521,0.528,30.0,0.334
529.7,31585.3,8,ARMEK SW-7A ION CANNON ,2115.4,2009.6,3105.4,0.636,0.639,32.3,0.448
530.1,45103.4,9,KOENSAYR ION-ACCELERATOR ADVANCED CANNON ,2422.9,2009.2,3340.0,0.598,0.412,29.2,0.325
521.5,26738.2,8,ARMEK SW-7A ION CANNON ,2655.9,2009.9,3186.8,0.603,0.636,37.4,0.416
595.4,32065.6,8,AIM & BAK HT-12 HEAVY LASER CANNON ,2073.7,2098.7,3430.7,0.628,0.619,29.5,0.42
618.6,58261.9,10,ARMEK ELITE ION CANNON ,2398.2,2653.9,3645.0,0.772,0.5539999999999999,37.3,0.435
629.5,54042.6,10,ARMEK ELITE ION CANNON ,2557.0,2413.6,4226.4,0.7390000000000001,0.542,30.4,0.426
622.2,48944.6,10,HOERSCH RAILGUN ,2142.3,2408.4,4097.0,0.569,0.745,45.8,0.4320000000000001
398.0,13830.7,6,CYGNUS FASTSPRAY 2000 DISRUPTOR ,2303.6,1434.3,2138.4,0.618,0.624,29.4,0.4270000000000001
87.7,1013.9,1,CORELLIAN CRUISER-GRADE MARK I BLASTER ,1602.7,295.6,403.5,0.496,0.515,23.8,0.345
93.5,1716.5,2,KOENSAYR TUNED LIGHT DISRUPTOR ,1913.5,339.4,509.9,0.38,0.906,24.1,0.431
97.0,1857.8,2,SLAYN & KORPIL DELUXE LIGHT ION CANNON ,1851.3,343.2,462.2,0.872,0.3829999999999999,26.1,0.42
399.2,13413.9,6,AIM & BAK KX5 LASER CANNON ,2379.7,1472.4,1859.9,0.637,0.633,27.9,0.435
543.6,26181.1,8,ARMEK SW-7A ION CANNON ,2555.3,2168.1,3298.5,0.6,0.6,35.7,0.409
591.9,30708.9,8,CYGNUS ERADICATOR 1 DISRUPTOR ,2836.5,2167.6,3056.0,0.617,0.6459999999999999,39.5,0.415
543.1,31608.7,8,ARMEK SW-7A ION CANNON ,2494.6,2124.0,2615.6,0.633,0.659,33.6,0.419
579.8,32531.2,8,CYGNUS ERADICATOR 1 DISRUPTOR ,2749.7,2235.0,2983.6,0.626,0.62,33.8,0.418
484.7,46467.1,9,RENDILI PROTOTYPE X DISRUPTOR ,2686.0,2071.3,3166.2,0.58,0.4429999999999999,30.9,0.3379999999999999
509.4,29298.5,8,ARMEK SW-7A ION CANNON ,2180.1,2134.2,2920.9,0.632,0.6409999999999999,31.3,0.433
524.6,30493.3,8,ARMEK SW-7A ION CANNON ,2217.8,2123.6,3010.8,0.634,0.629,34.3,0.439
560.7,43794.0,9,KOENSAYR ION-ACCELERATOR ADVANCED CANNON ,2601.1,2073.2,3430.4,0.595,0.4,28.9,0.331
558.3,48301.6,9,AIM & BAK KX9 LASER CANNON ,2674.7,2034.6,3253.8,0.51,0.4970000000000001,30.3,0.332
242.8,4368.2,4,HOERSCH-KESSEL SCORCHER CANNON ,2046.4,743.8,1121.0,0.608,0.618,25.3,0.434
590.7,25415.4,8,GYRHIL 72 TWIN AUTO-BLASTERS ,2620.7,1863.3,3128.1,0.615,0.636,37.0,0.426
700.8,38221.9,8,BORSTEL DISRUPTOR ,2800.0,2387.5,3692.0,0.625,0.625,14.1,0.425
428.6,13184.2,6,SIENAR DESIGN SYSTEMS IMPERIAL BLASTER 2 ,2301.1,1456.5,1793.0,0.638,0.626,34.8,0.415
258.7,5687.1,4,AIM & BAK ION DRIVER ,2600.0,913.6,1286.9,0.625,0.625,28.0,0.425
570.6,29711.6,8,VENGEANCE ION CANNON ,2231.4,1996.4,2962.2,0.633,0.612,34.0,0.452
308.5,5820.2,5,HOERSCH-KESSEL SCORCHER 2 ,2040.9,1185.9,1544.7,0.496,0.498,24.6,0.348
611.7,51253.4,10,HOERSCH RAILGUN ,2412.1,2781.3,3642.7,0.568,0.721,37.5,0.433
505.7,17443.3,7,INCOM HEAVY BLASTER ,2497.9,1568.2,2398.4,0.516,0.496,27.2,0.334
395.4,14271.7,6,KOENSAYR ION-ACCELERATOR 3 CANNON ,2403.5,1306.9,1872.5,0.608,0.613,30.8,0.418
611.0,57352.1,10,HOERSCH RAILGUN ,2305.6,2542.6,3661.2,0.57,0.778,39.5,0.431
713.1,59557.0,10,CORELLIAN BEAMRAIL GAUSS CANNON ,3013.5,2788.9,4406.4,0.773,0.513,35.3,0.397
576.3,30802.3,8,AIM & BAK HT-12 HEAVY LASER CANNON ,2282.1,1866.8,3338.9,0.625,0.626,37.7,0.429
415.7,11577.0,6,SIENAR DESIGN SYSTEMS IMPERIAL BLASTER 2 ,2018.6,1365.8,2011.5,0.615,0.6609999999999999,32.7,0.441
648.1,49560.5,10,HOERSCH RAILGUN ,2204.7,2415.8,4397.9,0.5660000000000001,0.742,37.3,0.436
692.8,49972.4,10,CORELLIAN BEAMRAIL GAUSS CANNON ,2922.0,2587.8,4207.4,0.745,0.496,35.2,0.423
488.5,18840.9,7,SIENAR DESIGN SYSTEMS IMPERIAL SPECIAL FORCES CANNON ,2430.6,1367.6,2370.8,0.509,0.505,27.9,0.357
614.2,53607.6,10,HOERSCH RAILGUN ,2220.6,2789.5,3866.4,0.5489999999999999,0.7709999999999999,39.9,0.421
560.7,21842.0,7,SIENAR DESIGN SYSTEMS BODRIVER ,2800.1,1910.2,2953.4,0.5,0.5,27.2,0.34
607.2,51385.5,10,HOERSCH RAILGUN ,2387.0,2681.0,4040.2,0.563,0.7559999999999999,35.2,0.406
485.4,19323.1,7,HOERSCH-KESSEL SCORCHER HEAVY ,2209.4,1606.2,2727.4,0.5770000000000001,0.61,29.2,0.403
635.8,49611.7,10,ARMEK ELITE ION CANNON ,2471.7,3077.1,4492.0,0.733,0.562,37.7,0.438
526.8,54287.8,9,HOERSCH-KESSEL SCORCHER ELITE ,2161.4,1966.8,3256.8,0.604,0.63,29.9,0.402
640.3,56303.8,10,CORELLIAN BEAMRAIL GAUSS CANNON ,3016.0,2528.7,4242.1,0.72,0.506,38.1,0.42
614.9,51928.2,10,HOERSCH RAILGUN ,2951.0,2595.0,4053.6,0.551,0.7659999999999999,38.7,0.435
380.2,14086.4,6,HOERSCH-KESSEL SCORCHER 3 ,1990.2,1770.8,2214.8,0.648,0.603,32.6,0.419
626.5,52751.6,10,HOERSCH RAILGUN ,2471.7,2391.6,3901.6,0.574,0.742,39.0,0.436
687.4,53015.0,10,CORELLIAN BEAMRAIL GAUSS CANNON ,2729.4,2565.0,3835.9,0.748,0.494,34.5,0.415
700.8,38219.5,8,BORSTEL DISRUPTOR ,2800.0,2387.8,3692.3,0.625,0.625,14.1,0.425
597.2,35548.8,8,SUBPRO/INCOM QUAD BLASTER ,2216.1,2360.1,3116.0,0.617,0.6609999999999999,32.8,0.424
622.0,53991.2,10,HOERSCH RAILGUN ,2383.3,2381.5,3974.1,0.5429999999999999,0.77,36.0,0.428
174.7,2322.7,3,FREITEK INC. CANNONEER MK1 ,2064.5,646.6,851.7,0.507,0.486,22.4,0.3379999999999999
544.8,49495.8,9,KOENSAYR ION-ACCELERATOR ADVANCED CANNON ,2372.2,2247.2,3001.9,0.613,0.407,27.7,0.308
505.5,45103.9,9,RENDILI PROTOTYPE X DISRUPTOR ,2562.7,2137.8,3169.1,0.607,0.4379999999999999,29.2,0.313
650.6,52771.6,10,HOERSCH RAILGUN ,2459.9,2433.2,3566.0,0.561,0.736,42.0,0.4379999999999999
625.1,62319.7,10,HOERSCH RAILGUN ,2151.1,2544.5,3871.9,0.562,0.723,36.4,0.44
591.5,32341.3,8,CYGNUS ERADICATOR 1 DISRUPTOR ,2740.6,2075.4,3423.4,0.639,0.588,31.5,0.434
586.5,34078.6,8,CYGNUS ERADICATOR 1 DISRUPTOR ,2494.4,2089.7,3418.3,0.616,0.631,31.7,0.424
495.2,38813.4,9,RENDILI PROTOTYPE X DISRUPTOR ,2258.6,2043.3,3115.2,0.588,0.428,30.7,0.355
563.1,48054.3,9,KOENSAYR ION-ACCELERATOR ADVANCED CANNON ,2159.2,1863.8,3075.5,0.629,0.402,28.0,0.34
499.0,37674.9,9,RENDILI PROTOTYPE X DISRUPTOR ,2263.6,2016.0,3415.0,0.58,0.442,30.1,0.331
506.9,29916.6,8,ARMEK SW-7A ION CANNON ,2209.0,1998.0,2896.6,0.62,0.652,36.0,0.424
580.3,32624.4,8,MANDALMOTORS HEAVY ANNIHILATOR ,2004.7,2151.8,3190.0,0.613,0.62,33.1,0.424
489.1,40131.3,9,RENDILI PROTOTYPE X DISRUPTOR ,2498.6,1806.1,3388.6,0.608,0.462,32.7,0.344
487.6,40577.4,9,RENDILI PROTOTYPE X DISRUPTOR ,2586.8,1956.1,2990.4,0.614,0.433,29.4,0.359
558.7,53533.7,9,HOERSCH-KESSEL SCORCHER ELITE ,2244.3,2149.5,3024.6,0.595,0.615,37.4,0.408
598.7,50432.0,10,HOERSCH RAILGUN ,2505.8,2663.5,3707.8,0.552,0.7609999999999999,39.7,0.42
173.0,2809.8,3,INCOM LONG-RANGE DISRUPTOR ,2082.4,623.5,768.9,0.302,0.747,25.5,0.333
345.7,8558.2,5,REPUBLIC SIENAR SYSTEMS IMPERIAL CANNON ,2087.9,1118.4,1632.8,0.487,0.4920000000000001,28.6,0.3379999999999999
498.9,45577.2,9,RENDILI PROTOTYPE X DISRUPTOR ,2379.1,2115.3,3125.0,0.653,0.4429999999999999,27.9,0.336
635.8,49611.7,10,ARMEK ELITE ION CANNON ,2471.7,3077.1,4492.0,0.733,0.562,37.7,0.4379999999999999
589.6,33058.9,8,CYGNUS ERADICATOR 1 DISRUPTOR ,2730.6,1821.7,2999.1,0.63,0.618,25.2,0.4370000000000001
613.4,48909.9,10,HOERSCH RAILGUN ,2178.9,2344.8,4135.6,0.5760000000000001,0.764,36.8,0.418
529.4,28557.2,8,ARMEK SW-7A ION CANNON ,2179.8,2105.5,3286.0,0.606,0.623,31.7,0.423
548.1,48652.3,9,MANDALMOTORS ADVANCED ANNIHILATOR ,2617.2,2075.3,3462.8,0.539,0.51,30.1,0.368
509.8,20438.6,7,INCOM HEAVY BLASTER ,2774.3,1599.9,2705.9,0.489,0.508,26.6,0.336
583.4,35795.5,8,CYGNUS ERADICATOR 1 DISRUPTOR ,2366.8,1840.2,3671.1,0.608,0.632,32.4,0.42
573.9,34830.5,8,CYGNUS ERADICATOR 1 DISRUPTOR ,2359.0,2026.1,3254.9,0.624,0.643,31.4,0.426
579.9,34153.9,8,CYGNUS ERADICATOR 1 DISRUPTOR ,2384.3,2059.9,3193.7,0.645,0.635,35.6,0.421
171.5,2373.8,3,MANDALMOTORS QV-3 DISRUPTOR ,2009.8,517.2,855.1,0.407,0.597,22.4,0.347
743.7,64073.1,10,HOERSCH-KESSEL MODIFIED ELITE SCORCHER ,2634.0,2645.9,4185.3,0.778,0.735,42.0,0.445
504.7,29982.2,8,ARMEK SW-7A ION CANNON ,2398.8,2167.0,2795.1,0.623,0.628,28.1,0.42
386.7,14153.8,6,MARK II SUBPRO TRIPLEBLASTER ,2321.2,1350.5,2133.5,0.638,0.611,35.4,0.395
173.9,2482.1,3,FREITEK INC. CANNONEER MK1 ,2240.3,553.8,702.2,0.499,0.4970000000000001,21.8,0.331
630.9,55472.5,10,HOERSCH RAILGUN ,2032.5,2852.7,4155.8,0.546,0.7809999999999999,36.7,0.434
605.7,55103.5,10,HOERSCH RAILGUN ,2387.4,2693.9,4118.8,0.555,0.767,40.4,0.415
544.8,27299.3,8,ARMEK SW-7A ION CANNON ,2334.0,2054.4,3304.0,0.603,0.647,28.4,0.424
516.5,29301.0,8,ARMEK SW-7A ION CANNON ,2219.0,2049.7,3231.7,0.615,0.636,30.2,0.4270000000000001
555.5,30888.9,8,ARMEK SW-7A ION CANNON ,2514.7,2106.4,3005.2,0.627,0.652,36.0,0.4270000000000001
368.2,8764.3,5,REPUBLIC SIENAR SYSTEMS IMPERIAL CANNON ,2299.7,1087.5,1589.2,0.489,0.526,20.0,0.345
388.8,13400.5,6,CYGNUS FASTSPRAY 2000 DISRUPTOR ,2066.6,1393.7,2190.5,0.67,0.605,30.5,0.419
529.4,29973.6,8,ARMEK SW-7A ION CANNON ,2281.3,1869.4,3241.0,0.6459999999999999,0.611,35.4,0.417
516.2,26133.1,8,ARMEK SW-7A ION CANNON ,2224.4,2024.9,3164.2,0.654,0.6629999999999999,33.7,0.42
485.4,44421.4,9,RENDILI PROTOTYPE X DISRUPTOR ,2633.9,1974.2,2992.0,0.585,0.443,29.2,0.341
576.0,28330.3,8,HOERSCH-KESSEL SCORCHER ADVANCED ,2216.7,2038.8,3232.6,0.614,0.613,37.6,0.428
709.3,54125.2,10,(UNKNOWN MANUFACTURER) RAYSLINGER BLASTER ,2393.9,2953.8,4128.3,0.73,0.514,35.6,0.416
485.4,44421.4,9,RENDILI PROTOTYPE X DISRUPTOR ,2633.9,1974.2,2992.0,0.585,0.4429999999999999,29.2,0.341
567.2,29480.2,8,CORELLIAN AG-1G LASER CANNONS ,2292.6,1852.9,2987.4,0.615,0.631,33.3,0.439
765.8,60195.1,10,MANDALMOTORS ELITE ANNIHILATOR ,2597.3,2528.3,4381.0,0.546,0.5710000000000001,37.9,0.396
311.5,5718.8,5,ARMEK SW-4 ION CANNON ,2242.7,1128.5,1640.9,0.518,0.518,23.6,0.348
627.9,51814.3,10,ARMEK ELITE ION CANNON ,2455.2,2655.7,4306.2,0.768,0.585,37.6,0.4370000000000001
674.8,61754.1,10,CYGNUS ELITE DISRUPTOR ,2675.3,2428.3,4242.9,0.63,0.638,33.4,0.4320000000000001
582.6,37419.9,8,CYGNUS ERADICATOR 1 DISRUPTOR ,2439.9,1947.3,3402.5,0.622,0.624,35.2,0.433
472.1,44170.5,9,RENDILI PROTOTYPE X DISRUPTOR ,2636.1,2032.8,3212.9,0.601,0.441,34.1,0.3329999999999999
634.4,47329.3,10,HOERSCH RAILGUN ,2332.1,2133.7,4088.8,0.56,0.758,41.3,0.4429999999999999
606.8,48328.5,10,HOERSCH RAILGUN ,2604.2,2512.4,3884.5,0.5760000000000001,0.782,36.4,0.425
334.4,7539.4,5,SIENAR FLEET SYSTEMS IMPERIAL BLASTER 3 ,1785.7,935.6,1466.2,0.512,0.491,25.1,0.3329999999999999
498.1,45749.9,9,RENDILI PROTOTYPE X DISRUPTOR ,2564.2,1939.7,3483.0,0.61,0.4529999999999999,31.1,0.345
605.6,41053.7,10,HOERSCH RAILGUN ,2420.0,2414.1,4029.1,0.5539999999999999,0.7829999999999999,33.6,0.442
611.9,34061.8,8,HOERSCH-KESSEL SCORCHER ADVANCED ,2326.9,2135.7,3036.3,0.653,0.631,32.5,0.435
474.1,18539.4,7,SIENAR FLEET SYSTEMS L-S1 LASER CANNON ,2340.4,1570.2,2529.7,0.504,0.482,26.8,0.345
596.4,51562.9,10,HOERSCH RAILGUN ,2466.4,2479.9,4233.7,0.565,0.753,35.9,0.436
480.0,47155.1,9,RENDILI PROTOTYPE X DISRUPTOR ,2182.5,2214.2,3231.4,0.593,0.45,30.8,0.332
540.2,29314.9,8,ARMEK SW-7A ION CANNON ,2385.3,1879.0,3397.3,0.613,0.633,33.1,0.426
611.3,48740.3,10,HOERSCH RAILGUN ,2613.2,2496.7,4170.5,0.5539999999999999,0.775,38.5,0.421
609.2,33071.7,8,CYGNUS ERADICATOR 1 DISRUPTOR ,2336.3,2058.5,3089.4,0.62,0.625,33.9,0.421
617.4,59503.4,10,ARMEK ELITE ION CANNON ,2619.1,2650.9,3953.8,0.747,0.552,40.2,0.404
588.9,30133.4,8,CYGNUS ERADICATOR 1 DISRUPTOR ,2452.3,1939.0,3059.6,0.626,0.637,33.1,0.4320000000000001
624.4,49049.4,10,ARMEK ELITE ION CANNON ,2239.0,2366.2,4003.2,0.759,0.561,37.7,0.426
563.6,44920.1,9,KOENSAYR ION-ACCELERATOR ADVANCED CANNON ,2863.8,2338.3,2702.6,0.588,0.384,32.8,0.348
635.7,53812.6,10,ARMEK ELITE ION CANNON ,2445.3,2601.8,4353.8,0.7559999999999999,0.5589999999999999,37.7,0.433
85.2,1093.3,1,,1927.0,307.6,418.6,0.488,0.48,22.6,0.3429999999999999
76.3,957.0,1,,1859.4,309.2,352.5,0.503,0.478,19.6,0.3429999999999999
97.2,1502.1,2,,2200.3,343.7,480.6,0.38,0.885,23.6,0.425
100.4,1878.7,2,,2123.0,353.0,502.8,0.622,0.644,26.4,0.4379999999999999
169.0,2870.3,3,,2321.7,654.8,913.1,0.503,0.4970000000000001,21.7,0.331
74.3,836.2,1,,1900.1,300.6,425.4,0.306,0.6629999999999999,22.1,0.34
76.4,986.8,1,,1894.1,315.7,349.5,0.305,0.685,18.1,0.332
95.6,1550.7,2,,2070.7,369.9,501.8,0.877,0.374,25.6,0.442
196.9,2989.5,3,,2255.3,616.8,861.2,0.507,0.472,21.3,0.344
542.8,48405.6,9,SIENAR FLEET SYSTEMS ELITE OPS BLASTER ,2647.2,2101.1,3130.1,0.4970000000000001,0.507,30.3,0.347
544.4,51011.5,9,BORSTEL RG9 LASER CANNON ,2280.6,1669.7,3035.1,0.48,0.4920000000000001,25.4,0.331
220.6,4698.2,4,RENDILI FR-9 DISRUPTOR CANNON ,2221.8,778.4,1054.5,0.667,0.6459999999999999,32.4,0.43
215.7,4800.0,4,SIENAR FLEET SYSTEMS IMPROVED IMPERIAL-2 BLASTER ,2150.8,746.2,1062.0,0.642,0.59,27.6,0.422
93.2,1834.6,2,SIENAR SYSTEMS ION CANNON ,2304.4,357.6,588.5,0.885,0.366,22.1,0.417
155.4,2562.8,3,,2129.2,585.3,806.1,0.509,0.51,20.0,0.348
202.8,4604.6,4,,2063.0,696.2,1053.0,0.64,0.642,25.3,0.426
708.2,38908.6,8,,2273.9,1973.6,3282.8,0.614,0.6509999999999999,41.3,0.375
698.4,52588.7,10,,2449.2,2254.5,3839.0,0.595,0.621,35.0,0.433
101.8,1952.3,2,,1938.3,328.6,498.7,0.611,0.627,27.1,0.426
80.6,1105.3,1,,1800.1,280.9,391.6,0.476,0.511,21.9,0.339
91.7,1854.8,2,,2130.3,373.8,528.5,0.382,0.8690000000000001,23.8,0.434
73.8,894.1,1,,1970.0,269.7,352.4,0.51,0.51,19.8,0.337
95.3,1957.0,2,,1774.0,299.5,469.0,0.358,0.8540000000000001,25.2,0.414
95.1,1710.9,2,,2075.5,363.4,544.3,0.846,0.362,24.0,0.43
693.3,46809.3,10,INCOM ELITE QUAD BLASTER ,2594.9,2478.9,3695.9,0.63,0.63,40.5,0.42
731.0,71837.0,10,GYRHIL R-9X LASER CANNON ,2433.0,2544.5,4183.6,0.6,0.64,32.0,0.42
593.4,54499.9,10,ARMEK ELITE ION CANNON ,2494.8,2364.9,3879.9,0.77,0.59,32.8,0.42
604.3,57061.5,10,ARMEK ELITE ION CANNON ,2432.7,2557.1,4140.4,0.73,0.55,34.4,0.42
617.8,48686.0,10,ARMEK ELITE ION CANNON ,2513.0,2504.0,3900.4,0.76,0.56,39.3,0.41
612.4,49596.3,10,ARMEK ELITE ION CANNON ,2321.6,2441.7,4215.6,0.73,0.56,34.5,0.43
611.7,51869.6,10,ARMEK ELITE ION CANNON ,2301.1,2336.7,4328.1,0.77,0.56,34.5,0.44
557.5,45273.3,9,KOENSAYR ION-ACCELERATOR ADVANCED CANNON ,2514.9,1796.1,3572.1,0.6,0.41,30.2,0.35
172.2,2363.7,3,INCOM LONG-RANGE DISRUPTOR ,2277.3,661.2,827.0,0.308,0.696,23.1,0.341
384.0,12917.9,6,MANDALMOTORS ANNILHATOR MK1 ,2300.4,1373.4,2021.2,0.625,0.614,29.9,0.426
166.5,2598.2,3,SLAYN & KORPIL ION CANNON ,2210.7,620.7,892.7,0.7020000000000001,0.303,27.6,0.348
572.4,28928.9,8,AIM & BAK HT-12 HEAVY LASER CANNON ,2273.4,2041.4,2686.4,0.628,0.614,30.8,0.426
527.3,42721.1,9,BORSTEL RG9 LASER CANNON ,2666.9,2015.3,3301.9,0.499,0.502,26.8,0.338
317.3,6590.4,5,ARMEK SW-4 ION CANNON ,2410.2,1124.4,1422.8,0.5,0.477,21.6,0.339
77.3,1088.4,1,KOENSAYR LIGHT DISRUPTOR ,1973.4,271.5,349.2,0.301,0.7190000000000001,22.6,0.34
217.0,5047.9,4,SUBPRO MODIFIED TRI-CANNON ,1887.5,761.3,972.5,0.599,0.618,31.6,0.434
527.3,42721.1,9,BORSTEL RG9 LASER CANNON ,2666.9,2015.3,3301.9,0.499,0.502,26.8,0.3379999999999999
317.3,6590.4,5,ARMEK SW-4 ION CANNON ,2410.2,1124.4,1422.8,0.5,0.477,21.6,0.3389999999999999
74.9,693.1,1,KUAT SYSTEMS ENGINEERING LIGHT DISRUPTOR ,1621.9,274.4,386.3,0.308,0.711,20.9,0.342
348.7,7034.1,5,REPUBLIC SIENAR SYSTEMS IMPERIAL CANNON ,2237.0,987.2,1537.1,0.494,0.488,25.1,0.35
540.9,48561.0,9,SIENAR FLEET SYSTEMS ELITE CANNON ,2122.1,1604.9,3315.7,0.503,0.5,31.4,0.336
414.2,11607.3,6,SIENAR FLEET SYSTEMS IMPERIAL BLASTER 4 ,1670.0,1174.8,1719.1,0.638,0.61,31.7,0.418
85.4,1096.3,1,SIENAR FLEET SYSTEMS IMPERIAL BLASTER ,1811.3,286.2,412.9,0.495,0.475,21.3,0.352
531.3,49635.7,9,KOENSAYR ION-ACCELERATOR ADVANCED CANNON ,2723.5,1824.5,3360.3,0.581,0.397,30.1,0.334
212.4,4910.3,4,SUBPRO MODIFIED TRI-CANNON ,2220.1,731.3,1030.5,0.638,0.612,28.4,0.448
258.8,5687.2,4,CYGNUS STARBLASTER DISRUPTOR ,2599.9,913.5,1287.1,0.625,0.625,28.0,0.425
560.7,21841.2,7,SIENAR DESIGN SYSTEMS BODRIVER ,2800.2,1910.1,2953.3,0.5,0.5,27.2,0.34
363.3,10100.8,6,INCOM ADVANCED BLASTER ,2149.5,1374.8,2158.8,0.65,0.617,31.2,0.411
333.2,5983.6,5,SIENAR FLEET SYSTEMS IMPERIAL BLASTER 3 ,2127.8,858.7,1490.9,0.49,0.4920000000000001,23.0,0.333
412.2,11256.9,6,SIENAR FLEET SYSTEMS IMPERIAL BLASTER 4 ,2375.2,1267.2,1942.8,0.629,0.63,28.8,0.425
701.0,37823.5,8,SIENAR DESIGN SYSTEMS HEAVY IMPERIAL SPECIAL FORCES CANNON ,2306.3,1932.9,3121.6,0.636,0.627,32.5,0.408
355.8,7111.7,5,REPUBLIC SIENAR SYSTEMS IMPERIAL CANNON ,2378.0,1105.2,1510.4,0.5329999999999999,0.512,25.6,0.34
213.5,4492.9,4,KUAT DRIVE YARDS POUNDER MK1 ,1798.8,730.2,967.4,0.637,0.653,29.0,0.408
175.0,2764.7,3,SIENAR FLEET SYSTEMS IMPERIAL-2 BLASTER ,2472.2,672.9,859.9,0.505,0.48,21.9,0.35
224.5,4254.2,4,SIENAR FLEET SYSTEMS IMPROVED IMPERIAL-2 BLASTER ,2115.2,778.9,977.0,0.647,0.623,29.6,0.413
646.3,32882.2,8,SIENAR FLEET SYSTEMS IMPERIAL SPECIAL FORCES BLASTER ,2630.1,2016.3,3137.8,0.6409999999999999,0.636,37.5,0.416
112.5,1853.3,2,MANDALMOTORS ENHANCED MANGLER CANNON ,2022.5,320.0,468.5,0.631,0.612,28.9,0.425
172.9,2004.7,3,HAOR CHALL SPEEDBLASTER CANNON ,2182.4,652.5,944.5,0.5,0.5,19.2,0.34
209.1,4187.4,4,KUAT DRIVE YARDS POUNDER MK1 ,1646.3,716.3,940.3,0.627,0.593,27.9,0.405
76.6,1148.2,1,KUAT SYSTEMS ENGINEERING LIGHT DISRUPTOR ,1803.7,273.3,372.9,0.293,0.6829999999999999,21.6,0.325
74.7,996.4,1,KUAT SYSTEMS ENGINEERING LIGHT DISRUPTOR ,1828.7,304.5,395.1,0.31,0.7090000000000001,19.3,0.338
76.4,959.7,1,CYGNUS MARK I DESTROYER BLASTER ,2042.1,268.1,370.2,0.51,0.522,16.1,0.337
165.3,2648.9,3,SIENAR FLEET SYSTEMS IMPERIAL-2 BLASTER ,2184.1,611.2,977.6,0.513,0.502,25.5,0.334
76.7,894.5,1,CYGNUS MARK I DESTROYER BLASTER ,2248.5,280.1,334.9,0.486,0.504,18.7,0.333
441.2,14424.4,6,RENDILI SC3 DISRUPTOR ,1943.4,1352.4,1910.8,0.616,0.623,29.7,0.4479999999999999
341.2,6177.3,5,REPUBLIC SIENAR SYSTEMS IMPERIAL CANNON ,2136.3,1056.9,1536.8,0.477,0.494,22.1,0.3389999999999999
700.8,38221.8,8,INCOM TRI-CANNON ,2799.8,2387.6,3691.8,0.625,0.625,14.1,0.425
348.4,8016.8,5,REPUBLIC SIENAR SYSTEMS IMPERIAL CANNON ,2011.8,1089.2,1406.7,0.485,0.504,22.7,0.3389999999999999
570.1,33617.8,8,GYRHIL 72 TWIN AUTO-BLASTERS ,2234.8,2062.9,2933.1,0.617,0.619,38.3,0.412
598.3,29188.6,8,AIM & BAK HT-12 HEAVY LASER CANNON ,2507.2,1912.5,2973.8,0.645,0.617,28.8,0.409
95.5,1994.4,2,MON CALAMARI LIGHT BLASTER ,1876.6,377.8,488.5,0.614,0.6,23.9,0.436
94.1,1472.8,2,SIENAR SYSTEMS STARSHIP DISRUPTOR ,2322.5,375.2,492.1,0.355,0.8270000000000001,24.6,0.4
85.8,1093.4,1,SIENAR DESIGN SYSTEMS IMPERIAL BLASTER ,2248.5,279.8,389.3,0.513,0.518,19.7,0.327
711.5,33421.3,8,SIENAR DESIGN SYSTEMS HEAVY IMPERIAL SPECIAL FORCES CANNON ,2355.6,1950.4,3199.2,0.622,0.6409999999999999,30.7,0.406
98.8,1823.4,2,SIENAR SYSTEMS STARSHIP DISRUPTOR ,2012.1,346.5,425.8,0.39,0.8740000000000001,23.5,0.413
482.9,18791.4,7,SIENAR FLEET SYSTEMS L-S1 LASER CANNON ,2059.1,1553.4,2537.0,0.481,0.487,29.0,0.347
598.4,38978.9,9,SIENAR DESIGN SYSTEMS ELITE BLASTERS ,2430.9,2109.6,3278.3,0.496,0.499,31.0,0.326
497.3,20076.2,7,SIENAR DESIGN SYSTEMS IMPERIAL SPECIAL FORCES CANNON ,2071.7,1609.9,2325.6,0.487,0.507,28.9,0.345
578.9,26452.5,8,CYGNUS ERADICATOR 1 DISRUPTOR ,2439.5,1838.6,3204.8,0.617,0.635,34.8,0.428
97.8,1995.4,2,SIENAR SYSTEMS LINKED LASER CANNON ,2517.1,367.8,500.8,0.616,0.637,24.5,0.4379999999999999
702.8,35168.9,8,SIENAR DESIGN SYSTEMS HEAVY IMPERIAL SPECIAL FORCES CANNON ,2088.5,1947.1,3286.4,0.617,0.612,33.2,0.414
596.3,34474.5,8,CYGNUS ERADICATOR 1 DISRUPTOR ,2632.9,2082.0,3109.2,0.643,0.637,39.5,0.406
101.6,1794.7,2,SIENAR SYSTEMS LINKED LASER CANNON ,1967.0,374.0,478.5,0.643,0.647,24.3,0.422
511.0,22629.7,7,INCOM HEAVY BLASTER ,2258.4,1729.4,2473.3,0.485,0.522,24.5,0.337
74.6,919.8,1,CYGNUS MARK I DESTROYER BLASTER ,1981.5,271.8,385.6,0.487,0.505,18.9,0.344
82.5,1114.9,1,SIENAR FLEET SYSTEMS IMPERIAL BLASTER ,1974.9,287.8,368.9,0.478,0.501,19.1,0.348
317.0,5644.6,5,SIENAR FLEET SYSTEMS IMPERIAL BLASTER 3 ,2044.9,986.0,1320.1,0.498,0.503,25.5,0.329
582.4,29352.1,8,CYGNUS ERADICATOR 1 DISRUPTOR ,2410.1,1990.7,3096.0,0.665,0.61,34.9,0.433
219.2,4980.7,4,SIENAR FLEET SYSTEMS IMPROVED IMPERIAL-2 BLASTER ,2204.8,838.1,1080.7,0.617,0.627,28.5,0.418
470.8,17457.2,7,RENDILI SC8 DISRUPTOR ,2163.7,1424.3,2551.5,0.633,0.413,27.3,0.343
104.1,2160.9,2,SIENAR SYSTEMS LINKED LASER CANNON ,2012.3,366.0,481.3,0.598,0.631,26.3,0.431
394.0,14937.5,6,HOERSCH-KESSEL SCORCHER 3 ,2293.5,1675.9,2348.5,0.614,0.63,38.7,0.413
356.1,12002.9,6,INCOM ADVANCED BLASTER ,1998.2,1344.0,2120.4,0.637,0.611,35.3,0.444
414.5,12145.4,6,SIENAR FLEET SYSTEMS IMPERIAL BLASTER 4 ,1808.1,1161.8,1827.9,0.594,0.618,31.3,0.434
484.5,45027.8,9,ARMEK ADVANCED ,2368.9,1755.5,2929.0,0.62,0.447,30.6,0.347
395.6,12239.7,6,CYGNUS FASTSPRAY 2000 DISRUPTOR ,2071.0,1325.1,1932.6,0.643,0.611,31.2,0.412
470.7,21942.1,7,SIENAR FLEET SYSTEMS L-S1 LASER CANNON ,2182.3,1506.8,2705.8,0.546,0.473,26.4,0.337
353.7,10934.6,6,INCOM ADVANCED BLASTER ,2403.9,1296.9,1885.0,0.633,0.623,29.5,0.415
353.3,9141.7,6,INCOM ADVANCED BLASTER ,1941.8,1361.5,2191.2,0.65,0.603,28.1,0.441
399.4,11511.9,6,MANDALMOTORS ANNILHATOR MK1 ,2148.1,1312.6,2231.0,0.638,0.624,26.0,0.431
74.7,941.1,1,SUBPRO LIGHT ION CANNON ,2036.2,298.1,419.2,0.686,0.308,20.9,0.33
198.2,4081.0,4,KOENSAYR DELUXE ION-ACCELERATOR CANNON ,1901.1,727.0,1016.3,0.641,0.632,29.9,0.428
395.3,14016.5,6,HOERSCH-KESSEL SCORCHER 3 ,2352.1,1664.7,2530.9,0.616,0.615,40.6,0.434
401.5,12920.2,6,SIENAR FLEET SYSTEMS IMPERIAL BLASTER 4 ,1941.2,1173.2,1863.8,0.624,0.634,28.8,0.43
595.5,32439.3,8,GYRHIL 72 TWIN AUTO-BLASTERS ,2469.3,1895.9,3507.3,0.598,0.653,42.2,0.424
388.3,15132.2,6,HOERSCH-KESSEL SCORCHER 3 ,2407.8,1685.1,2477.4,0.651,0.611,42.5,0.426
703.3,54197.9,10,SIENAR DESIGN SYSTEMS EXPERIMENTAL SECRET OPS BLASTER ,2501.0,2124.5,4285.2,0.628,0.632,36.1,0.427
597.5,32690.4,8,AIM & BAK HT-12 HEAVY LASER CANNON ,2233.4,2044.9,2938.5,0.611,0.627,30.5,0.41
764.1,62854.0,10,GYRHIL R-9X LASER CANNON ,2341.9,2119.3,3863.0,0.648,0.65,36.2,0.427
692.8,61703.8,10,SIENAR DESIGN SYSTEMS EXPERIMENTAL SECRET OPS BLASTER ,2117.5,2355.7,4109.9,0.604,0.615,37.1,0.432
346.2,11683.6,6,INCOM ADVANCED BLASTER ,1934.7,1335.8,2012.9,0.635,0.645,31.4,0.415
314.8,6850.5,5,AIM & BAK IX5 LASER CANNON ,2136.3,1088.2,1666.8,0.483,0.497,25.8,0.334
534.3,45083.7,9,INCOM DUAL-CORE FLASHCANNON ,2071.9,1900.8,2916.7,0.503,0.5,26.9,0.326
772.0,55703.6,10,MANDALMOTORS ELITE ANNIHILATOR ,2696.0,2351.4,4530.8,0.555,0.596,38.0,0.402
110.6,1865.9,2,MANDALMOTORS ENHANCED MANGLER CANNON ,2294.3,361.1,514.3,0.611,0.612,21.9,0.437
395.5,11300.8,6,ARMEK SW-6 ION CANNON ,2482.7,1402.4,1867.3,0.633,0.618,23.6,0.431
350.2,12515.2,6,INCOM ADVANCED BLASTER ,2076.7,1253.9,2024.3,0.626,0.635,25.5,0.42
386.7,14346.0,6,HOERSCH-KESSEL SCORCHER 3 ,1995.2,1760.4,2360.4,0.638,0.601,35.9,0.415
509.5,43894.7,9,RENDILI PROTOTYPE X DISRUPTOR ,2289.1,1975.6,3430.6,0.614,0.457,33.9,0.361
507.1,44349.3,9,RENDILI PROTOTYPE X DISRUPTOR ,2269.2,2022.9,3233.3,0.617,0.455,25.4,0.34
587.0,32389.9,8,CYGNUS ERADICATOR 1 DISRUPTOR ,2262.1,2034.5,3018.9,0.641,0.596,33.9,0.427
523.4,27747.1,8,ARMEK SW-7A ION CANNON ,2144.4,2067.9,3196.8,0.668,0.617,36.3,0.424
667.1,63345.3,10,INCOM ELITE QUAD BLASTER ,2674.6,2424.9,3532.5,0.623,0.625,39.2,0.415
535.6,21486.0,7,INCOM HEAVY BLASTER ,2103.3,1602.1,2442.0,0.49,0.478,23.0,0.349
451.3,17692.2,7,CORELLIAN 1D SERVO TURRETS ,2660.1,1545.9,2320.4,0.506,0.5,26.6,0.342
258.8,5687.0,4,AIM & BAK ION DRIVER ,2600.0,913.5,1287.0,0.625,0.625,28.0,0.425
701.7,53004.8,10,CORELLIAN BEAMRAIL GAUSS CANNON ,2294.8,2615.7,4140.0,0.748,0.5,39.8,0.417
476.4,44675.3,9,RENDILI PROTOTYPE X DISRUPTOR ,2642.0,1800.1,3067.2,0.596,0.444,27.6,0.326
557.9,51176.5,9,KOENSAYR ION-ACCELERATOR ADVANCED CANNON ,2551.4,2087.7,3436.4,0.607,0.382,30.5,0.341
539.6,41837.9,9,MANDALMOTORS ADVANCED ANNIHILATOR ,2179.2,1916.6,2928.1,0.567,0.53,29.4,0.339
74.2,1088.8,1,SLAYN & KORPIL LIGHT ION CANNON ,2022.4,298.5,405.4,0.699,0.288,20.5,0.346
394.6,14344.2,6,HOERSCH-KESSEL SCORCHER 3 ,2506.7,1696.7,2634.2,0.627,0.632,37.7,0.404
679.8,60428.0,10,INCOM TRANDOSHAN SPECIAL REPEATER CANNON ,2360.9,2269.8,3128.2,0.633,0.626,35.8,0.437
333.7,7183.9,5,KOENSAYR ION-ACCELERATOR 2 CANNON ,2710.7,1151.1,1655.9,0.656,0.348,26.2,0.352
499.0,43007.2,9,ARMEK ADVANCED ,2302.6,1816.1,3091.1,0.599,0.437,29.3,0.329
606.6,46005.5,10,ARMEK ELITE ION CANNON ,2178.0,2357.4,4304.0,0.733,0.563,38.2,0.427
568.4,48584.6,9,HOERSCH-KESSEL SCORCHER ELITE ,2668.5,1980.5,3165.2,0.597,0.572,30.8,0.406
600.2,33442.8,8,HOERSCH-KESSEL SCORCHER ADVANCED ,2238.9,1972.3,3066.3,0.641,0.616,35.1,0.425
628.1,48577.7,10,ARMEK ELITE ION CANNON ,2704.5,2561.3,3702.0,0.754,0.576,39.1,0.435
713.5,56460.3,10,INCOM ELITE QUAD BLASTER ,2379.9,2131.5,4021.0,0.641,0.653,39.0,0.437
630.6,55037.6,10,ARMEK ELITE ION CANNON ,2533.4,2522.5,4293.1,0.732,0.553,31.4,0.424
396.3,13146.6,6,SIENAR FLEET SYSTEMS IMPERIAL BLASTER 4 ,1857.4,1247.9,1626.8,0.642,0.642,29.6,0.427
494.7,41052.3,9,RENDILI PROTOTYPE X DISRUPTOR ,2226.1,2047.5,3094.5,0.602,0.458,28.6,0.34
403.9,14050.2,6,HOERSCH-KESSEL SCORCHER 3 ,2011.1,1729.1,2604.7,0.627,0.638,35.8,0.432
695.4,57055.2,10,SIENAR DESIGN SYSTEMS EXPERIMENTAL SECRET OPS BLASTER ,2394.5,2492.5,4298.6,0.629,0.616,36.9,0.437
600.4,44225.2,10,HOERSCH RAILGUN ,2844.0,2469.9,3999.9,0.538,0.734,36.4,0.429
683.9,52052.9,10,(UNKNOWN MANUFACTURER) RAYSLINGER BLASTER ,2695.3,2686.4,4124.4,0.737,0.489,42.2,0.434
556.1,44042.6,9,INCOM HEAVY QUAD BLASTER ,2779.7,2131.7,3253.4,0.493,0.48,29.9,0.329
585.6,33303.6,8,MANDALMOTORS HEAVY ANNIHILATOR ,2237.6,2153.6,3215.4,0.592,0.618,31.9,0.431
618.9,50070.3,10,ARMEK ELITE ION CANNON ,2569.7,2542.2,4332.2,0.734,0.561,29.9,0.435
568.0,34509.4,8,CORELLIAN AG-1G LASER CANNONS ,2021.5,1929.3,3138.2,0.624,0.629,34.2,0.427
568.9,44402.5,9,KOENSAYR ION-ACCELERATOR ADVANCED CANNON ,2920.7,2132.1,3295.4,0.597,0.375,29.0,0.334
581.6,32493.7,8,CYGNUS ERADICATOR 1 DISRUPTOR ,2324.8,2029.5,2784.5,0.567,0.649,28.8,0.449
627.1,52204.6,10,ARMEK ELITE ION CANNON ,2360.7,2362.0,4217.8,0.761,0.561,34.4,0.434
592.9,34236.0,8,CYGNUS ERADICATOR 1 DISRUPTOR ,2605.3,2017.9,3098.7,0.592,0.638,35.2,0.405
532.0,48332.6,9,KOENSAYR ION-ACCELERATOR ADVANCED CANNON ,2241.7,1843.5,3448.8,0.587,0.399,27.2,0.333
377.0,15035.9,6,HOERSCH-KESSEL SCORCHER 3 ,2130.8,1619.1,2134.3,0.629,0.609,36.8,0.443
388.0,12863.1,6,SIENAR FLEET SYSTEMS IMPERIAL BLASTER 4 ,1863.0,1248.1,1737.3,0.63,0.616,33.6,0.425
347.3,10381.3,6,INCOM ADVANCED BLASTER ,2062.5,1264.8,1830.5,0.615,0.611,28.6,0.417
356.7,8167.9,5,REPUBLIC SIENAR SYSTEMS IMPERIAL CANNON ,2076.4,1078.5,1679.2,0.506,0.511,25.2,0.347
733.8,62952.2,10,HOERSCH-KESSEL MODIFIED ELITE SCORCHER ,2461.2,2370.1,3773.2,0.748,0.78,41.5,0.453
403.2,11914.9,6,HOERSCH-KESSEL SCORCHER 3 ,1834.2,1577.9,2675.9,0.631,0.643,36.3,0.421
342.3,6372.4,5,REPUBLIC SIENAR SYSTEMS IMPERIAL CANNON ,2388.2,1081.8,1666.8,0.518,0.49,23.0,0.342
348.0,9579.0,6,INCOM ADVANCED BLASTER ,2145.3,1369.6,2116.4,0.655,0.618,29.7,0.434
386.9,11293.8,6,MANDALMOTORS ANNILHATOR MK1 ,2368.3,1394.5,2373.3,0.604,0.607,31.6,0.424
656.7,34852.7,8,SIENAR FLEET SYSTEMS IMPERIAL SPECIAL FORCES BLASTER ,2356.2,1963.8,2889.9,0.626,0.606,37.1,0.429
327.0,7150.1,5,AIM & BAK IX5 LASER CANNON ,2038.5,1076.8,1551.9,0.503,0.486,23.2,0.339
402.5,14074.9,6,MANDALMOTORS ANNILHATOR MK1 ,2012.7,1473.4,1995.2,0.622,0.638,36.1,0.418
505.9,42129.2,9,RENDILI PROTOTYPE X DISRUPTOR ,2225.9,2098.4,3641.9,0.616,0.44,26.9,0.349
91.6,1129.9,1,,1871.8,304.1,385.9,0.491,0.508,18.9,0.348
116.6,2097.9,2,,2099.6,364.7,519.1,0.642,0.626,27.2,0.445
723.6,65125.3,10,,2338.5,2549.7,4383.3,0.621,0.608,37.1,0.418
170.1,2887.1,3,,2063.6,623.7,762.5,0.308,0.661,21.7,0.354
399.7,12782.6,6,,2318.2,1335.2,2010.4,0.638,0.619,31.1,0.43
320.7,7300.9,5,,1878.0,1067.7,1559.0,0.515,0.5,22.2,0.344
217.0,4203.7,4,SUBPRO TRIPLE BLASTER ADVANCED FLASH CANNON ,2412.1,772.9,1138.3,0.626,0.627,25.6,0.42
565.2,49977.8,9,KOENSAYR ION-ACCELERATOR ADVANCED CANNON ,2724.4,2139.1,3163.0,0.579,0.395,30.2,0.358
196.7,4545.4,4,KOENSAYR DELUXE ION-ACCELERATOR CANNON ,2084.9,702.6,1023.7,0.642,0.63,26.7,0.417
553.3,51403.2,9,KOENSAYR ION-ACCELERATOR ADVANCED CANNON ,2613.7,1803.6,3532.1,0.619,0.402,36.3,0.346
108.5,1912.1,2,MANDALMOTORS ENHANCED MANGLER CANNON ,1887.1,347.6,500.3,0.609,0.607,25.8,0.433
314.8,6687.6,5,KOENSAYR ION-ACCELERATOR 2 CANNON ,2135.9,1182.3,1499.3,0.637,0.347,25.3,0.339
394.5,12682.4,6,KOENSAYR ION-ACCELERATOR 3 CANNON ,2349.1,1278.4,1924.4,0.628,0.633,28.6,0.408
324.4,7064.9,5,HOERSCH-KESSEL SCORCHER 2 ,2039.7,1021.0,1669.0,0.511,0.513,22.3,0.343
583.5,35760.3,8,HOERSCH-KESSEL SCORCHER ADVANCED ,2286.1,1889.5,3051.9,0.632,0.64,31.1,0.416
198.4,2936.8,3,SUBPRO TRI-CANNON ,2292.1,637.2,808.2,0.492,0.508,24.1,0.337
182.5,4367.6,4,KOENSAYR DELUXE ION-ACCELERATOR CANNON ,2258.6,698.1,1141.2,0.599,0.623,22.2,0.44
166.0,2254.2,3,SLAYN & KORPIL ION CANNON ,2001.9,565.1,910.9,0.703,0.302,23.4,0.335
213.0,5327.6,4,KUAT DRIVE YARDS POUNDER MK1 ,1894.1,673.6,943.2,0.62,0.632,29.4,0.407
80.1,1040.8,1,SLAYN & KORPIL LIGHT ION CANNON ,2202.5,334.6,377.0,0.704,0.299,19.4,0.349
73.0,1078.3,1,SLAYN & KORPIL LIGHT ION CANNON ,2104.6,289.8,382.5,0.705,0.302,20.0,0.336
75.5,885.0,1,MANDALMOTORS MARK I MANGLER CANNON ,2340.1,287.6,367.8,0.507,0.502,19.9,0.334
94.8,1682.0,2,MON CALAMARI LIGHT BLASTER ,2067.3,332.2,459.7,0.625,0.602,25.5,0.427
285.7,6203.1,5,INCOM 13 BLASTERS ,2208.2,1104.1,1382.7,0.506,0.508,25.0,0.347
627.3,52256.2,10,ARMEK ELITE ION CANNON ,2590.9,2418.0,3956.7,0.736,0.552,40.1,0.421
484.0,38551.6,9,RENDILI PROTOTYPE X DISRUPTOR ,2317.1,2031.8,3160.1,0.584,0.451,30.6,0.332
325.9,7141.3,5,MANDALMOTORS QV-5 DISRUPTOR ,2403.4,1123.3,1676.8,0.342,0.66,23.2,0.354
310.3,7324.5,5,ARMEK SW-4 ION CANNON ,2057.8,1054.9,1564.6,0.502,0.503,26.4,0.345
75.0,905.3,1,SLAYN & KORPIL LIGHT ION CANNON ,2149.7,262.4,409.8,0.727,0.29,17.5,0.353
322.6,7341.9,5,HOERSCH-KESSEL SCORCHER 2 ,2091.5,1136.4,1706.7,0.5,0.492,23.3,0.339
571.6,45406.3,9,MANDALMOTORS ADVANCED ANNIHILATOR ,2149.9,1846.2,3450.3,0.541,0.557,25.4,0.37
172.2,2381.0,3,SLAYN & KORPIL ION CANNON ,2273.6,636.6,914.7,0.692,0.294,20.6,0.334
110.8,2044.1,2,MANDALMOTORS ENHANCED MANGLER CANNON ,2241.9,370.0,498.6,0.638,0.605,27.2,0.425
218.8,4656.8,4,AIM & BAK IX4 LASER CANNON ,1930.3,803.5,1087.1,0.646,0.633,30.6,0.417
218.8,4656.8,4,,1930.3,803.5,1087.1,0.646,0.633,30.6,0.417
110.8,2044.1,2,,2241.9,370.0,498.6,0.638,0.605,27.2,0.425
78.0,973.2,1,,1561.8,268.7,298.5,0.296,0.689,21.3,0.334
94.5,1814.7,2,,1923.8,343.4,484.4,0.369,0.85,28.1,0.427
218.8,4656.8,4,,1930.3,803.5,1087.1,0.646,0.633,30.6,0.417
110.8,2044.1,2,,2241.9,370.0,498.6,0.638,0.605,27.2,0.425
